–†–∞–∑–¥–µ–ª,–§–æ—Ä–º–∞—Ç,–ù–∞–∑–≤–∞–Ω–∏–µ,–°—Å—ã–ª–∫–∞,–û–ø–∏—Å–∞–Ω–∏–µ,–ö–æ–º–º–µ–Ω—Ç–∞—Ä–∏–π/–¥–æ–ø–æ–ª–Ω–µ–Ω–∏–µ,
–≠—Ñ–∏—Ä,–í–∏–¥–µ–æ,–ö–∞–∫ —ç–∫–æ–ª–æ–≥–∏—á–Ω–æ –ø—Ä–æ–∂–∏–≤–∞—Ç—å –∞–≥—Ä–µ—Å—Å–∏—é?,https://disk.yandex.ru/i/73rLFGhtoypEDQ,–°–ø–∏–∫–µ—Ä: –ö–∞—Ä–∏–Ω–∞ –¢–∏—â–µ–Ω–∫–æ,,https://storage.daniillepekhin.com/IK%2Fclub_miniapp%2Fvideo%2F%C2%AB%D0%9A%D0%B0%D0%BA%20%D1%8D%D0%BA%D0%BE%D0%BB%D0%BE%D0%B3%D0%B8%D1%87%D0%BD%D0%BE%20%D0%BF%D1%80%D0%BE%D0%B6%D0%B8%D0%B2%D0%B0%D1%82%D1%8C%20%D0%B0%D0%B3%D1%80%D0%B5%D1%81%D1%81%D0%B8%D1%8E_%C2%BB_smaller.mp4
–≠—Ñ–∏—Ä,–í–∏–¥–µ–æ,–¢–∞–π–º-–º–µ–Ω–µ–¥–∂–º–µ–Ω—Ç,https://disk.yandex.ru/i/tY0wZHTsBmobWQ,–°–ø–∏–∫–µ—Ä: –°–≤–µ—Ç–ª–∞–Ω–∞ –ê–ª–ª—è–Ω–æ–≤–∞,,https://storage.daniillepekhin.com/IK%2Fclub_miniapp%2Fvideo%2F%D0%A2%D0%B0%D0%B8%CC%86%D0%BC-%D0%BC%D0%B5%D0%BD%D0%B5%D0%B4%D0%B6%D0%BC%D0%B5%D0%BD%D1%82_smaller.mp4
–≠—Ñ–∏—Ä,–í–∏–¥–µ–æ,–ö–∞–∫ –ø–µ—Ä–µ—Å—Ç–∞—Ç—å –Ω–µ—Ä–≤–Ω–∏—á–∞—Ç—å?,https://disk.yandex.ru/i/ZHYoc5f0y87JPg,–°–ø–∏–∫–µ—Ä: –ö–∞—Ä–∏–Ω–∞ –¢–∏—â–µ–Ω–∫–æ,,https://storage.daniillepekhin.com/IK%2Fclub_miniapp%2Fvideo%2F%C2%AB%D0%9A%D0%B0%D0%BA%20%D0%BF%D0%B5%D1%80%D0%B5%D1%81%D1%82%D0%B0%D1%82%D1%8C%20%D0%BD%D0%B5%D1%80%D0%B2%D0%BD%D0%B8%D1%87%D0%B0%D1%82%D1%8C_%C2%BB_smaller.mp4
–≠—Ñ–∏—Ä,–í–∏–¥–µ–æ,–ö–∞–∫ –æ—Ç–∫—Ä—ã—Ç—å –≤ —Å–µ–±–µ –Ω–æ–≤—ã–µ —Å–∏–ª—ã –∏ –∂–µ–ª–∞–Ω–∏–µ –∂–∏—Ç—å?,https://disk.yandex.ru/i/OE-Cw-1ReOVcAw,–°–ø–∏–∫–µ—Ä: –ö–∞—Ä–∏–Ω–∞ –¢–∏—â–µ–Ω–∫–æ,,https://storage.daniillepekhin.com/IK%2Fclub_miniapp%2Fvideo%2F%D0%9A%D0%B0%D0%BA%20%D0%BE%D1%82%D0%BA%D1%80%D1%8B%D1%82%D1%8C%20%D0%B2%20%D1%81%D0%B5%D0%B1%D0%B5%20%D0%BD%D0%BE%D0%B2%D1%8B%D0%B5%20%D1%81%D0%B8%D0%BB%D1%8B%20%D0%B8%20%D0%B6%D0%B5%D0%BB%D0%B0%D0%BD%D0%B8%D0%B5%20%D0%B6%D0%B8%D1%82%D1%8C__smaller.mp4
–≠—Ñ–∏—Ä,–í–∏–¥–µ–æ,–ö–∞–∫ –ø–µ—Ä–µ—Å—Ç–∞—Ç—å –±–æ—è—Ç—å—Å—è –º–∞—Å—à—Ç–∞–±–Ω—ã—Ö —Ü–µ–ª–µ–π?,https://disk.yandex.ru/i/s3h2nvN9Jqo6Uw,–°–ø–∏–∫–µ—Ä: –ö–∞—Ä–∏–Ω–∞ –¢–∏—â–µ–Ω–∫–æ,,https://storage.daniillepekhin.com/IK%2Fclub_miniapp%2Fvideo%2F%D0%9A%D0%B0%D0%BA%20%D0%BF%D0%B5%D1%80%D0%B5%D1%81%D1%82%D0%B0%D1%82%D1%8C%20%D0%B1%D0%BE%D1%8F%D1%82%D1%8C%D1%81%D1%8F%20%D0%BC%D0%B0%D1%81%D1%88%D1%82%D0%B0%D0%B1%D0%BD%D1%8B%D1%85%20%D1%86%D0%B5%D0%BB%D0%B5%D0%B8%CC%86__smaller.mp4
–≠—Ñ–∏—Ä,–í–∏–¥–µ–æ,–ü–æ–º–æ—â—å –ù–õ–ü –≤ –¥–æ—Å—Ç–∏–∂–µ–Ω–∏–∏ —Ü–µ–ª–µ–π.¬´–ò—Å–∫—É—Å—Å—Ç–≤–æ —É–±–µ–∂–¥–µ–Ω–∏—è. –ö–∞–∫ –≤—Å–µ–≥–¥–∞ –±—ã—Ç—å –ø—Ä–∞–≤—ã–º?¬ª,https://disk.yandex.ru/i/zILPyowIOk4m-Q,"–ù–õ–ü –ª–µ–∫—Ü–∏—è: ¬´–ò—Å–∫—É—Å—Å—Ç–≤–æ —É–±–µ–∂–¥–µ–Ω–∏—è. –ö–∞–∫ –≤—Å–µ–≥–¥–∞ –±—ã—Ç—å –ø—Ä–∞–≤—ã–º?¬ª

–°–ø–∏–∫–µ—Ä: –ë–æ—Ä–∑–µ–Ω–∫–æ –õ–∏–Ω–∞
–ú–∞—Å—Ç–µ—Ä –ù–õ–ü, —Ü–∏—Ñ—Ä–æ–≤–æ–π –ø—Å–∏—Ö–æ–ª–æ–≥, –ø—Ä–µ–¥–ø—Ä–∏–Ω–∏–º–∞—Ç–µ–ª—å

‚ùì –ö–∞–∫ —Å–∫–æ—Ä—Ä–µ–∫—Ç–∏—Ä–æ–≤–∞—Ç—å –∫–æ–º–º—É–Ω–∏–∫–∞—Ü–∏—é –≤ –æ—Ç–Ω–æ—à–µ–Ω–∏—è—Ö, –±–∏–∑–Ω–µ—Å–µ –∏ –∂–∏–∑–Ω–∏ —Ç–∞–∫, —á—Ç–æ–±—ã –≤—Å–µ–≥–¥–∞ –¥–æ–±–∏–≤–∞—Ç—å—Å—è –∂–µ–ª–∞–µ–º–æ–≥–æ? 
‚ùóÔ∏è –ò–∑—É—á–∏—Ç—å —ç—Ç–æ—Ç –≤–∏–¥–µ–æ-—É—Ä–æ–∫! 

–ó–∞–∫–æ–Ω—Å–ø–µ–∫—Ç–∏—Ä–æ–≤–∞–≤ –∏ –≤—Å—Ç—Ä–æ–∏–≤ –≤ —Å–≤–æ–µ –º—ã—à–ª–µ–Ω–∏–µ –≤—Å–µ–≥–æ 9 —É–±–µ–∂–¥–µ–Ω–∏–π –∏ —Ü–µ–Ω–Ω–æ—Å—Ç–µ–π, –∫–æ—Ç–æ—Ä—ã–µ —Å–≤–æ–π—Å—Ç–≤–µ–Ω–Ω—ã —É—Å–ø–µ—à–Ω—ã–º –ª—é–¥—è–º, —Ç—ã —Å–º–æ–∂–µ—à—å –∏–∑–º–µ–Ω–∏—Ç—å —Å–≤–æ—é –∂–∏–∑–Ω—å –≤ –ª—É—á—à—É—é —Å—Ç–æ—Ä–æ–Ω—É!",,https://storage.daniillepekhin.com/IK%2Fclub_miniapp%2Fvideo%2F%D0%9F%D0%BE%D0%BC%D0%BE%D1%89%D1%8C%20%D0%9D%D0%9B%D0%9F%20%D0%B2%20%D0%B4%D0%BE%D1%81%D1%82%D0%B8%D0%B6%D0%B5%D0%BD%D0%B8%D0%B8%20%D1%86%D0%B5%D0%BB%D0%B5%D0%B8%CC%86.%C2%AB%D0%98%D1%81%D0%BA%D1%83%D1%81%D1%81%D1%82%D0%B2%D0%BE%20%D1%83%D0%B1%D0%B5%D0%B6%D0%B4%D0%B5%D0%BD%D0%B8%D1%8F.%20%D0%9A%D0%B0%D0%BA%20%D0%B2%D1%81%D0%B5%D0%B3%D0%B4%D0%B0%20%D0%B1%D1%8B%D1%82%D1%8C%20%D0%BF%D1%80%D0%B0%D0%B2%D1%8B%D0%BC_%C2%BB_smaller.mp4
–≠—Ñ–∏—Ä,–í–∏–¥–µ–æ,–Æ—Ä–∏–¥–∏—á–µ—Å–∫–∞—è –±–µ–∑–æ–ø–∞—Å–Ω–æ—Å—Ç—å –≤ –º—è–≥–∫–æ–π –Ω–∏—à–µ,https://disk.yandex.ru/i/4QYOJYW_Dx_vxQ,–°–ø–∏–∫–µ—Ä: –¢–∞—Ç—å—è–Ω–∞ –ß–µ–º–∏–¥–æ–≤–∞,"–ü—Ä–µ–∑–µ–Ω—Ç–∞—Ü–∏—è: https://storage.daniillepekhin.com/IK%2Fclub_miniapp%2Fvideo%2F%D0%AE%D1%80%D0%B8%D0%B4%D0%B8%D1%87%D0%B5%D1%81%D0%BA%D0%B0%D1%8F_%D0%B1%D0%B5%D0%B7%D0%BE%D0%BF%D0%B0%D1%81%D0%BD%D0%BE%D1%81%D1%82%D1%8C.pdf
–ó–∞–ø—Ä–µ—Ç —Ä–µ–∫–ª–∞–º—ã: https://storage.daniillepekhin.com/IK%2Fclub_miniapp%2Fvideo%2F%D0%97%D0%B0%D0%BF%D1%80%D0%B5%D1%82_%D1%80%D0%B5%D0%BA%D0%BB%D0%B0%D0%BC%D1%8B_%D0%B2_%D1%81%D0%BE%D1%86%D1%81%D0%B5%D1%82%D1%8F%D1%85_%D1%81_1_%D1%81%D0%B5%D0%BD%D1%82%D1%8F%D0%B1%D1%80%D1%8F_2025_%D1%87%D1%82%D0%BE_%D0%B4%D0%B5%D0%BB%D0%B0%D1%82%D1%8C_.pdf
–ü–æ–ª—É—á–µ–Ω–∏–µ –ª–∏—Ü–µ–Ω–∑–∏–∏: https://storage.daniillepekhin.com/IK%2Fclub_miniapp%2Fvideo%2FINFOURIST_%D0%9B%D0%B8%D1%86%D0%B5%D0%BD%D0%B7%D0%B8%D1%8F.pdf",https://storage.daniillepekhin.com/IK%2Fclub_miniapp%2Fvideo%2F%D0%AE%D1%80%D0%B8%D0%B4%D0%B8%D1%87%D0%B5%D1%81%D0%BA%D0%B0%D1%8F%20%D0%B1%D0%B5%D0%B7%D0%BE%D0%BF%D0%B0%D1%81%D0%BD%D0%BE%D1%81%D1%82%D1%8C%20%D0%B2%20%D0%BC%D1%8F%D0%B3%D0%BA%D0%BE%D0%B8%CC%86%20%D0%BD%D0%B8%D1%88%D0%B5.mp4
–ú–µ–¥–∏—Ç–∞—Ü–∏—è,–í–∏–¥–µ–æ,–°–æ–µ–¥–∏–Ω–µ–Ω–∏–µ —Å–æ —Å–≤–æ–∏–º –≤–Ω—É—Ç—Ä–µ–Ω–Ω–∏–º —Ä–µ–±–µ–Ω–∫–æ–º,https://disk.yandex.ru/i/ZHLoq9LvV0zt0Q,–°–ø–∏–∫–µ—Ä: –ö—Ä–∏—Å—Ç–∏–Ω–∞ –§–∏–ª–∏–ø–ø–æ–≤–∞,,https://storage.daniillepekhin.com/IK%2Fclub_miniapp%2Fvideo%2F%C2%AB%D0%A1%D0%BE%D0%B5%D0%B4%D0%B8%D0%BD%D0%B5%D0%BD%D0%B8%D0%B5%20%D1%81%D0%BE%20%D1%81%D0%B2%D0%BE%D0%B8%D0%BC%20%D0%B2%D0%BD%D1%83%D1%82%D1%80%D0%B5%D0%BD%D0%BD%D0%B8%D0%BC%20%D1%80%D0%B5%D0%B1%D0%B5%D0%BD%D0%BA%D0%BE%D0%BC%C2%BB_smaller.mp4
–ú–µ–¥–∏—Ç–∞—Ü–∏—è,–ê—É–¥–∏–æ,–Ø —Å–æ–≤–µ—Ä—à–µ–Ω–Ω–∞,https://disk.yandex.by/d/QrStOZ2a2bxe9Q,"–°–ø–∏–∫–µ—Ä: –ö—Ä–∏—Å—Ç–∏–Ω–∞ –ï–≥–∏–∞–∑–∞—Ä–æ–≤–∞ 

–í –∫–∞–∂–¥–æ–π –∫–ª–µ—Ç–∫–µ —Ç–≤–æ–µ–≥–æ —Ç–µ–ª–∞, –≤ –∫–∞–∂–¥–æ–π –º—ã—Å–ª–∏, –≤ –∫–∞–∂–¥–æ–π —ç–º–æ—Ü–∏–∏ ‚Äî –æ—Ç—Ä–∞–∂–µ–Ω–∏–µ –Ω–µ–ø–æ–≤—Ç–æ—Ä–∏–º–æ–π –í—Å–µ–ª–µ–Ω–Ω–æ–π, —Ç–≤–æ–µ–π —É–Ω–∏–∫–∞–ª—å–Ω–æ—Å—Ç–∏! 

‚ùì –ù–æ –∫–∞–∫ —á–∞—Å—Ç–æ –∑–∞–±—ã–≤–∞–µ–º –æ–± —ç—Ç–æ–º, —É—Ç–æ–ø–∞—è –≤ –∫—Ä–∏—Ç–∏–∫–µ –∏ —Å—Ä–∞–≤–Ω–µ–Ω–∏—è—Ö
‚ùóÔ∏è –ß—Ç–æ–±—ã –Ω–µ –∑–∞–±—ã–≤–∞—Ç—å —Å–≤–æ–µ–≤—Ä–µ–º–µ–Ω–Ω–æ –ø—Ä–æ—è–≤–ª—è—Ç—å –ª—é–±–æ–≤—å –∫ —Ç–µ–ª—É, –¥–µ–ª–∞–π –Ω–µ–±–æ–ª—å—à—É—é –ø—Ä–∞–∫—Ç–∏–∫—É, –∫–æ—Ç–æ—Ä–∞—è –ø–æ–º–æ–∂–µ—Ç:

‚ñ´Ô∏è –æ—Ç–ø—É—Å—Ç–∏—Ç—å —Å–∞–º–æ–∫—Ä–∏—Ç–∏–∫—É –∏ –Ω–µ–≥–∞—Ç–∏–≤–Ω—ã–µ —É–±–µ–∂–¥–µ–Ω–∏—è
‚ñ´Ô∏è –Ω–∞–ø–æ–ª–Ω–∏—Ç—å —Å–µ—Ä–¥—Ü–µ –ª—é–±–æ–≤—å—é –∏ –±–ª–∞–≥–æ–¥–∞—Ä–Ω–æ—Å—Ç—å—é –∫ —Å–≤–æ–µ–º—É —Ç–µ–ª—É
‚ñ´Ô∏è –Ω–∞–π—Ç–∏ –±–∞–ª–∞–Ω—Å –º–µ–∂–¥—É –ø—Ä–∏–Ω—è—Ç–∏–µ–º –∏ —Å—Ç—Ä–µ–º–ª–µ–Ω–∏–µ–º –∫ —Ä–∞–∑–≤–∏—Ç–∏—é
‚ñ´Ô∏è –ø–æ—á—É–≤—Å—Ç–≤–æ–≤–∞—Ç—å —Å–µ–±—è —Ü–µ–ª–æ—Å—Ç–Ω–æ–π –∏ –≥–∞—Ä–º–æ–Ω–∏—á–Ω–æ–π",,https://storage.daniillepekhin.com/IK%2Fclub_miniapp%2Fvideo%2F%D0%9C%D0%B5%D0%B4%D0%B8%D1%82%D0%B0%D1%86%D0%B8%D1%8F%20_%D0%AF%20%D1%81%D0%BE%D0%B2%D0%B5%D1%80%D1%88%D0%B5%D0%BD%D0%BD%D0%B0_.mp3
–ú–µ–¥–∏—Ç–∞—Ü–∏—è,–ê—É–¥–∏–æ,–î–µ–Ω–µ–∂–Ω–∞—è –º–µ–¥–∏—Ç–∞—Ü–∏—è: —ç–Ω–µ—Ä–≥–∏—è –±–ª–∞–≥–æ–¥–∞—Ä–Ω–æ—Å—Ç–∏,https://disk.yandex.by/d/wIUGe1yfxDS10w,"–°–ø–∏–∫–µ—Ä: –ö—Ä–∏—Å—Ç–∏–Ω–∞ –ï–≥–∏–∞–∑–∞—Ä–æ–≤–∞ 

‚òùÔ∏è –ñ–∏–∑–Ω—å ‚Äî —ç—Ç–æ –ø–æ—Ç–æ–∫, –∞ –¥–µ–Ω—å–≥–∏ ‚Äî –ª–∏—à—å –æ–¥–Ω–∞ –∏–∑ –µ–≥–æ —Ñ–æ—Ä–º. –ù–æ —á–∞—Å—Ç–æ –º—ã –æ–∫—É—Ç—ã–≤–∞–µ–º —Å–≤–æ–∏ —Ñ–∏–Ω–∞–Ω—Å—ã —Å—Ç—Ä–∞—Ö–∞–º–∏ –∏ –Ω–µ–≥–∞—Ç–∏–≤–Ω—ã–º–∏ —É–±–µ–∂–¥–µ–Ω–∏—è–º–∏. –ü–æ—Ä–∞ —ç—Ç–æ –∏–∑–º–µ–Ω–∏—Ç—å!

‚ñ´Ô∏è –î–ª—è –Ω–∞—á–∞–ª–∞, –ø—Ä–∏ –º–∏ —É–¥–æ–±–Ω—É—é –ø–æ–∑—É, –∑–∞–∫—Ä–æ–π –≥–ª–∞–∑–∞ –∏ —Å–¥–µ–ª–∞–π –¥–ª–∏–Ω–Ω—ã–π –≤–¥–æ—Ö. –°—Ñ–æ–∫—É—Å–∏—Ä—É–π—Å—è –Ω–∞ —Å–µ–±–µ –∏ –ø–æ—á—É–≤—Å—Ç–≤—É–π, –∫–∞–∫ —Ç–µ–ª–æ –Ω–∞–ø–æ–ª–Ω—è–µ—Ç—Å—è —ç–Ω–µ—Ä–≥–∏–µ–π —Å–ø–æ–∫–æ–π—Å—Ç–≤–∏—è.  

‚ñ´Ô∏è –ß—É–≤—Å—Ç–≤—É–µ—à—å, –∫–∞–∫ —É—Å—Ç–∞–ª–æ—Å—Ç—å –æ—Ç—Å—Ç—É–ø–∞–µ—Ç –ø—Ä–æ—á—å? –¢–∞–∫ –∏ –¥–æ–ª–∂–Ω–æ –±—ã—Ç—å: —Å –∫–∞–∂–¥—ã–º –Ω–æ–≤—ã–º –≤–¥–æ—Ö–æ–º-–≤—ã–¥–æ—Ö–æ–º –Ω–∞–ø—Ä—è–∂–µ–Ω–∏–µ –∏–∑ –º—ã—à—Ü –±—É–¥–µ—Ç –ø–æ—Å—Ç–µ–ø–µ–Ω–Ω–æ —Å–Ω–∏–∂–∞—Ç—å—Å—è.

‚ñ´Ô∏è –ó–∞—Ç–µ–º –º—ã—Å–ª–∏ —É—Å–ø–æ–∫–∞–∏–≤–∞—é—Ç—Å—è. –¢–µ–ø–µ—Ä—å –æ–Ω–∏ –Ω–∞–ø–æ–º–∏–Ω–∞—é—Ç –ª–∏—à—å –µ–¥–≤–∞ –∑–∞–º–µ—Ç–Ω—ã–µ —Ç–µ–Ω–∏, –∫–æ—Ç–æ—Ä—ã–µ –±–æ–ª—å—à–µ –Ω–µ –æ—Ç–≤–ª–µ–∫–∞—é—Ç —Ç–µ–±—è –æ—Ç –¥–µ–π—Å—Ç–≤–∏—Ç–µ–ª—å–Ω–æ –≤–∞–∂–Ω—ã—Ö –∑–∞–¥–∞—á –∏ —Ç—ã –≥–æ—Ç–æ–≤–∞ –ø—Ä–æ–¥–æ–ª–∂–∏—Ç—å –ø—Ä–∞–∫—Ç–∏–∫—É. ",,https://storage.daniillepekhin.com/IK%2Fclub_miniapp%2Fvideo%2F%D0%94%D0%B5%D0%BD%D0%B5%D0%B6%D0%BD%D0%B0%D1%8F%20%D0%BC%D0%B5%D0%B4%D0%B8%D1%82%D0%B0%D1%86%D0%B8%D1%8F%20%D1%8D%D0%BD%D0%B5%D1%80%D0%B3%D0%B8%D1%8F%20%D0%B1%D0%BB%D0%B0%D0%B3%D0%BE%D0%B4%D0%B0%D1%80%D0%BD%D0%BE%D1%81%D1%82%D0%B8.mp3
–ú–µ–¥–∏—Ç–∞—Ü–∏—è,–ê—É–¥–∏–æ,–ù–∞–º–µ—Ä–µ–Ω–∏–µ,https://disk.yandex.by/d/YzPjNQLM8ZlaIg,"–°–ø–∏–∫–µ—Ä: –ö—Ä–∏—Å—Ç–∏–Ω–∞ –ï–≥–∏–∞–∑–∞—Ä–æ–≤–∞

–ë–ª–∞–≥–æ–¥–∞—Ä—è —ç—Ç–æ–π –º–µ–¥–∏—Ç–∞—Ü–∏–∏ —Ç—ã —Å–º–æ–∂–µ—à—å –ø—Ä–æ—Ä–∞–±–æ—Ç–∞—Ç—å —Å–≤–æ–µ –º—ã—à–ª–µ–Ω–∏–µ, –Ω–∞—Å—Ç—Ä–æ–∏–≤—à–∏—Å—å –Ω–∞ –≤—ã—Å–æ–∫–∏–µ –≤–∏–±—Ä–∞—Ü–∏–∏, —á—Ç–æ–±—ã –æ–±—Ä–µ—Å—Ç–∏ –°–ß–ê–°–¢–¨–ï!

‚ùì –ß—Ç–æ —Ç–µ–±–µ –Ω—É–∂–Ω–æ –¥–µ–ª–∞—Ç—å? 
‚ùóÔ∏è –†–∞—Å—Å–ª–∞–±–∏—Ç—å—Å—è –∏ —Å–ª—É—à–∞—Ç—å –≥–æ–ª–æ—Å –Ω–∞ –∑–∞–ø–∏—Å–∏",,https://storage.daniillepekhin.com/IK%2Fclub_miniapp%2Fvideo%2F%D0%9C%D0%B5%D0%B4%D0%B8%D1%82%D0%B0%D1%86%D0%B8%D1%8F%20%D0%BD%D0%B0%D0%BC%D0%B5%D1%80%D0%B5%D0%BD%D0%B8%D0%B5%20.mp3
–ú–µ–¥–∏—Ç–∞—Ü–∏—è,–ê—É–¥–∏–æ,–ü–æ—Ç–æ–∫ —Ç–≤–æ—Ä—á–µ—Å—Ç–≤–∞ –∏ –≤–¥–æ—Ö–Ω–æ–≤–µ–Ω–∏—è,https://disk.yandex.by/d/Tlv3snukgZrT-w,"–°–ø–∏–∫–µ—Ä: –Æ–ª–∏–∞–Ω–∞ –ö–æ–ª–µ–º–∞—Å–æ–≤–∞
–ì–∏–ø–Ω–æ—Ç–µ—Ä–∞–ø–µ–≤—Ç –∏ —Å—Ç–∞—Ä—à–∏–π –Ω–∞—Å—Ç–∞–≤–Ω–∏–∫ ¬´–ò—Å—Ö–æ–¥–Ω–æ–≥–æ –∫–æ–¥–∞¬ª

–¢–≤–æ—Ä—á–µ—Å—Ç–≤–æ ‚Äî —ç—Ç–æ –Ω–µ —Ç–æ–ª—å–∫–æ –ø—Ä–æ —Ç–∞–ª–∞–Ω—Ç, –Ω–æ –∏ —Ä–∞–±–æ—Ç—É –Ω–∞–¥ —Å–æ–±–æ–π: –æ—Ç—Ç–∞—á–∏–≤–∞–Ω–∏–µ –º–∞—Å—Ç–µ—Ä—Å—Ç–≤–∞, —Å–∞–º–æ–¥–∏—Å—Ü–∏–ø–ª–∏–Ω—É –∏ –≤—ã–ø–æ–ª–Ω–µ–Ω–∏–µ —É–ø—Ä–∞–∂–Ω–µ–Ω–∏–π. 

–í—ã–ø–æ–ª–Ω–∏–≤ –º–µ–¥–∏—Ç–∞—Ü–∏—é, —Å–æ—Å—Ç–∞–≤–ª–µ–Ω–Ω—É—é —ç–∫—Å–ø–µ—Ä—Ç–æ–º –∫–ª—É–±–∞ ¬´KOD¬ª, —Ç—ã: 

‚ñ´Ô∏è —Ä–∞—Å–∫—Ä–æ–µ—à—å —Å–≤–æ–π –≤–Ω—É—Ç—Ä–µ–Ω–Ω–∏–π –ø–æ—Ç–µ–Ω—Ü–∏–∞–ª; 
‚ñ´Ô∏è —Å–º–æ–∂–µ—à—å –ø–æ–¥–∫–ª—é—á–∏—Ç—å—Å—è –∫ –∏—Å—Ç–æ—á–Ω–∏–∫—É —Ç–≤–æ—Ä—á–µ—Å–∫–æ–π —ç–Ω–µ—Ä–≥–∏–∏",,https://storage.daniillepekhin.com/IK%2Fclub_miniapp%2Fvideo%2F%D0%9F%D0%BE%D1%82%D0%BE%D0%BA%20%D1%82%D0%B2%D0%BE%D1%80%D1%87%D0%B5%D1%81%D1%82%D0%B2%D0%B0%20%D0%B8%20%D0%B2%D0%B4%D0%BE%D1%85%D0%BD%D0%BE%D0%B2%D0%B5%D0%BD%D0%B8%D1%8F%20.mp3
–ú–µ–¥–∏—Ç–∞—Ü–∏—è,–ê—É–¥–∏–æ,–î–æ–≤–µ—Ä–∏–µ –∫ –º–∏—Ä—É,https://disk.yandex.by/d/RvvOVM8aQBTo8Q,"–°–ø–∏–∫–µ—Ä: –ö—Ä–∏—Å—Ç–∏–Ω–∞ –ï–≥–∏–∞–∑–∞—Ä–æ–≤–∞

–£–º–µ—Ç—å —Å–æ—Ö—Ä–∞–Ω—è—Ç—å —Å–ø–æ–∫–æ–π—Å—Ç–≤–∏–µ –∏ –Ω–µ —Ç–µ—Ä—è—Ç—å –¥–æ–≤–µ—Ä–∏–µ –∫ —Ç–æ–º—É, —á—Ç–æ –Ω–∞—Å –æ–∫—Ä—É–∂–∞–µ—Ç ‚Äî —ç—Ç–æ –≤–∞–∂–Ω—ã–π –Ω–∞–≤—ã–∫, –±–ª–∞–≥–æ–¥–∞—Ä—è –∫–æ—Ç–æ—Ä–æ–º—É —Ç—ã: 

üî∫ –Ω–µ —É–ø—É—Å—Ç–∏—à—å –≤–æ–∑–º–æ–∂–Ω–æ—Å—Ç–∏ –¥–ª—è –ª–∏—á–Ω–æ–≥–æ –∏ –º–∞—Ç–µ—Ä–∏–∞–ª—å–Ω–æ–≥–æ —Ä–æ—Å—Ç–∞; 
üî∫ –±—É–¥–µ—à—å –Ω–∞–ø—Ä–∞–≤–ª—è—Ç—å —ç–Ω–µ—Ä–≥–∏—é –Ω–∞ —Ä–µ–∞–ª—å–Ω—ã–µ —Ü–µ–ª–∏, –∞ –Ω–µ –Ω–∞ –ø–µ—Ä–µ–∂–∏–≤–∞–Ω–∏—è!

–°–ª—É—à–∞–π –º–µ–¥–∏—Ç–∞—Ü–∏—é –≤ —Ä–∞—Å—Å–ª–∞–±–ª–µ–Ω–Ω–æ–º —Å–æ—Å—Ç–æ—è–Ω–∏–∏ –∏ –≤—ã–ø–æ–ª–Ω—è–π –≤—Å–µ —É–∫–∞–∑–∞–Ω–∏—è –ö—Ä–∏—Å—Ç–∏–Ω—ã –Ω–∞ –∑–∞–ø–∏—Å–∏, —á—Ç–æ–±—ã –¥–æ—Å—Ç–∏—á—å –º–∞–∫—Å–∏–º–∞–ª—å–Ω–æ–≥–æ —ç—Ñ—Ñ–µ–∫—Ç–∞ ü§ç ",,https://storage.daniillepekhin.com/IK%2Fclub_miniapp%2Fvideo%2F%D0%9A%D1%80%D0%B8%D1%81%D1%82%D0%B8%D0%BD%D0%B0_%D0%95%D0%B3%D0%B8%D0%B0%D0%B7%D0%B0%D1%80%D0%BE%D0%B2%D0%B0_%D0%9C%D0%B5%D0%B4%D0%B8%D1%82%D0%B0%D1%86%D0%B8%D1%8F_%D0%94%D0%BE%D0%B2%D0%B5%D1%80%D0%B8%D1%8F_%D0%9A_%D0%9C%D0%B8%D1%80%D1%83.mp3
–ú–µ–¥–∏—Ç–∞—Ü–∏—è,–ê—É–¥–∏–æ,–ë–µ–∑—É—Å–ª–æ–≤–Ω–∞—è –ª—é–±–æ–≤—å,https://disk.yandex.by/d/NLA9Y0SYE-IrTA,"–°–ø–∏–∫–µ—Ä: –ö—Ä–∏—Å—Ç–∏–Ω–∞ –ï–≥–∏–∞–∑–∞—Ä–æ–≤–∞

–ü–æ—Ä–æ–π, —á—Ç–æ–±—ã –≤–æ—Å—Å—Ç–∞–Ω–æ–≤–∏—Ç—å –≤–Ω—É—Ç—Ä–µ–Ω–Ω—é—é –≥–∞—Ä–º–æ–Ω–∏—é –∏ –æ—Ç–∫—Ä—ã—Ç—å —Å–µ—Ä–¥—Ü–µ, –Ω—É–∂–Ω–æ –ª–∏—à—å –ø—Ä–∞–≤–∏–ª—å–Ω–æ –æ—Ç–∫—Ä—ã—Ç—å –≤ —Å–µ–±–µ –≤–Ω—É—Ç—Ä–µ–Ω–Ω—é—é —ç–Ω–µ—Ä–≥–∏—é, –∏–¥—É—â—É—é –∏–∑ —Å–∞–º–æ–≥–æ —Å–µ—Ä–¥—Ü–∞, –∏ –Ω–∞–ø—Ä–∞–≤–∏—Ç—å –≤ –Ω–µ–≥–æ —ç–Ω–µ—Ä–≥–∏—é –ò—Å—Ç–æ—á–Ω–∏–∫–∞ –õ—é–±–≤–∏!

üí´ –ü–æ–¥–≥–æ—Ç–æ–≤—å—Å—è –∫ –º–µ–¥–∏—Ç–∞—Ü–∏–∏: —Ä–∞—Å–ø–æ–ª–æ–∂–∏—Å—å –≤ —É—é—Ç–Ω–æ–º –º–µ—Å—Ç–µ, —É–±–µ–¥–∏—Å—å, —á—Ç–æ —Ç–µ–±—è –Ω–µ –ø–æ—Ç—Ä–µ–≤–æ–∂–∞—Ç –∏ —Å–¥–µ–ª–∞–π –Ω–µ—Å–∫–æ–ª—å–∫–æ —Ä–∞—Å—Å–ª–∞–±–ª—è—é—â–∏—Ö –≤–¥–æ—Ö–æ–≤ –∏ –≤—ã–¥–æ—Ö–æ–≤, –ø–æ–∫–∞ –¥—ã—Ö–∞–Ω–∏–µ —Å–∞–º–æ –Ω–µ –Ω–∞–π–¥–µ—Ç —Å–≤–æ–π –∫–æ–º—Ñ–æ—Ä—Ç–Ω—ã–π —Ä–∏—Ç–º. –í—Å–∫–æ—Ä–µ —Ç—ã –ø–æ—á—É–≤—Å—Ç–≤—É–µ—à—å —É–º–∏—Ä–æ—Ç–≤–æ—Ä–µ–Ω–∏–µ –∏ —Å–ø–æ–∫–æ–π—Å—Ç–≤–∏–µ.

üí´ –°–∫–æ–Ω—Ü–µ–Ω—Ç—Ä–∏—Ä—É–π—Å—è –Ω–∞ –æ–±–ª–∞—Å—Ç–∏ —Å–µ—Ä–¥—Ü–∞, –ø–æ—á—É–≤—Å—Ç–≤—É–π —Ç–æ, –∫–∞–∫ –≤ –Ω–µ–≥–æ –Ω–∞—á–∏–Ω–∞–µ—Ç –≤–ª–∏–≤–∞—Ç—å—Å—è —Ç–µ–ø–ª–æ, –∏ –≤–ø—É—Å—Ç–∏ –≤ —Å–µ–±—è —ç—Ç–æ –æ—â—É—â–µ–Ω–∏–µ. –ü–æ—Å—Ç–∞—Ä–∞–π—Å—è –æ—â—É—Ç–∏—Ç—å –∑–æ–ª–æ—Ç–∏—Å—Ç–æ–µ —Å–∏—è–Ω–∏–µ, –∫–æ—Ç–æ—Ä–æ–µ –æ–Ω–æ –∏–∑–ª—É—á–∞–µ—Ç. –£–≤–∏–¥—å –µ–≥–æ —Å–≤–µ—Ç–æ–º –ª—é–±–≤–∏, –∫–æ—Ç–æ—Ä—ã–π –∂–∏–ª, –∂–∏–≤–µ—Ç –∏ –ë–ï–ó–£–°–õ–û–í–ù–û –±—É–¥–µ—Ç –∂–∏—Ç—å –≤ —Ç–µ–±–µ –≤—Å–µ–≥–¥–∞! 

üí´ –ü–æ—á—É–≤—Å—Ç–≤—É–π, —á—Ç–æ –≤—ã—Å–æ–∫–æ –Ω–∞–¥ —Ç–æ–±–æ–π, –∑–∞ –ø—Ä–µ–¥–µ–ª–∞–º–∏ –≤–∏–¥–∏–º–æ–≥–æ –º–∏—Ä–∞, —Å–∏—è–µ—Ç –ò—Å—Ç–æ—á–Ω–∏–∫ –õ—é–±–≤–∏. –ú—ã—Å–ª–µ–Ω–Ω–æ –ø—Ä–∏—Ç—è–Ω–∏ –µ–≥–æ —Ç–æ–Ω–∫–æ–π –∑–æ–ª–æ—Ç–æ–π –Ω–∏—Ç–æ—á–∫–æ–π, —á—Ç–æ–±—ã –æ–Ω –Ω–∞–ø–æ–ª–Ω–∏–ª —Ç–µ–±—è —ç–Ω–µ—Ä–≥–∏–µ–π —Ç–∞–∫, –∫–∞–∫ —Ä–µ—á–∫–∞ –Ω–∞–ø–æ–ª–Ω—è–µ—Ç –≤–æ–¥–æ–π –º–æ—Ä–µ, –≤–ø–∞–¥–∞—è –≤ –Ω–µ–≥–æ. 
",,https://storage.daniillepekhin.com/IK%2Fclub_miniapp%2Fvideo%2F%D0%9C%D0%B5%D0%B4%D0%B8%D1%82%D0%B0%D1%86%D0%B8%D1%8F_%D0%BD%D0%B0_%D0%91%D0%B5%D0%B7%D1%83%D1%81%D0%BB%D0%BE%D0%B2%D0%BD%D1%83%D1%8E_%D0%BB%D1%8E%D0%B1%D0%BE%D0%B2%D1%8C_%D0%9A%D1%80%D0%B8%D1%81%D1%82%D0%B8%D0%BD%D0%B0_%D0%95%D0%B3%D0%B8%D0%B0%D0%B7%D0%B0%D1%80%D0%BE%D0%B2%D0%B0.mp3
–ú–µ–¥–∏—Ç–∞—Ü–∏—è,–ê—É–¥–∏–æ,–û—Ç–∫—Ä—ã–≤–∞–µ–º —Å–µ—Ä–¥—Ü–µ,https://disk.yandex.by/d/TjcucWyPDy3ogA,"–°–ø–∏–∫–µ—Ä: –ö—Ä–∏—Å—Ç–∏–Ω–∞ –ï–≥–∏–∞–∑–∞—Ä–æ–≤–∞

–° —á–µ–≥–æ —Å—Ç–æ–∏—Ç –Ω–∞—á–∞—Ç—å? 

üí´–ü—Ä–∏–º–∏ —É–¥–æ–±–Ω–æ–µ –ø–æ–ª–æ–∂–µ–Ω–∏—è –¥–ª—è –∫–æ–º—Ñ–æ—Ä—Ç–Ω–æ–≥–æ –ø—Ä–æ—Å–ª—É—à–∏–≤–∞–Ω–∏—è –∞—É–¥–∏–æ –∏ –ø–æ–∑–≤–æ–ª—å —Å–µ–±–µ –ø–æ–ª–Ω–æ—Å—Ç—å—é –æ—Ç–∫–ª—é—á–∏—Ç—å—Å—è –æ—Ç –∑–∞–±–æ—Ç –≤–Ω–µ—à–Ω–µ–≥–æ –º–∏—Ä–∞ –Ω–∞ 5 –º–∏–Ω—É—Ç. –ù–∞—á–∏–Ω–∏ —Å –º—è–≥–∫–æ–≥–æ, –Ω–æ –≥–ª—É–±–æ–∫–æ–≥–æ –≤–¥–æ—Ö–∞ —á–µ—Ä–µ–∑ –Ω–æ—Å –∏ –º–µ–¥–ª–µ–Ω–Ω–æ–≥–æ –≤—ã–¥–æ—Ö–∞ —á–µ—Ä–µ–∑ —Ä–æ—Ç, –¥–∞–±—ã –≤—ã–ø—É—Å—Ç–∏—Ç—å –≤—Å–µ –Ω–∞–ø—Ä—è–∂–µ–Ω–∏–µ –∏ –æ—â—É—Ç–∏—Ç—å –ø–æ–ª–Ω–æ–µ —Ä–∞—Å—Å–ª–∞–±–ª–µ–Ω–∏–µ. 

üí´  –ü–æ—á—É–≤—Å—Ç–≤—É–π, –∫–∞–∫ –ª—É—á —Å–≤–µ—Ç–∞ –Ω–∞—á–∏–Ω–∞–µ—Ç –∑–∞–ø–æ–ª–Ω—è—Ç—å –∫–∞–∂–¥—É—é –∫–ª–µ—Ç–æ—á–∫—É —Ç–≤–æ–µ–≥–æ —Ç–µ–ª–∞ —Ç–µ–ø–ª–æ–º –∏ –ª—é–±–æ–≤—å—é, –æ—â—É—â–µ–Ω–∏–µ–º –±–µ–∑–æ–ø–∞—Å–Ω–æ—Å—Ç–∏ –∏ –≥–∞—Ä–º–æ–Ω–∏–∏: –≤—Å–µ –≤–Ω—É—Ç—Ä–∏ —Ç–µ–±—è —Å—Ç–∞–Ω–æ–≤–∏—Ç—å—Å—è —Ç–∏—à–µ –∏ —Å–ø–æ–∫–æ–π–Ω–µ–µ. –ü–æ–ø—Ä–æ–±—É–π —Å—Ñ–æ–∫—É—Å–∏—Ä–æ–≤–∞—Ç—å—Å—è –Ω–∞ —ç—Ç–æ–º —á—É–≤—Å—Ç–≤–µ.

üí´ –ò—Å—Å–ª–µ–¥—É–π —Ç–æ, –Ω–∞—Å–∫–æ–ª—å–∫–æ –æ—Ç–∫—Ä—ã—Ç–æ/–∑–∞–∫—Ä—ã—Ç–æ —Ç–≤–æ–µ —Å–µ—Ä–¥—Ü–µ. –ù–∞–ø—Ä–∞–≤—å –≤–Ω–∏–º–∞–Ω–∏–µ –≤–Ω—É—Ç—Ä—å —Å–µ–±—è, –Ω–∞ —Å–µ—Ä–¥–µ—á–Ω—ã–π —Ü–µ–Ω—Ç—Ä –∏ –ø–æ—Å–º–æ—Ç—Ä–∏ –±–µ–∑ –æ—Ü–µ–Ω–∫–∏: –ï—Å—Ç—å –ª–∏ —Ç–∞–º –∑–∞–∂–∞—Ç–æ—Å—Ç—å –∏–ª–∏ –Ω–∞–ø—Ä—è–∂–µ–Ω–∏–µ? 

–ü–æ—Å–ª–µ —ç—Ç–æ–≥–æ —Ç—ã –±—É–¥–µ—à—å –≥–æ—Ç–æ–≤–∞ –æ—Ç–∫—Ä—ã—Ç—å —Å–≤–æ–µ —Å–µ—Ä–¥—Ü–µ, –∏, —Å–¥–µ–ª–∞—Ç—å —ç—Ç–æ –ø—Ä–∞–≤–∏–ª—å–Ω–æ –º–æ–∂–Ω–æ –≤–º–µ—Å—Ç–µ —Å –ö—Ä–∏—Å—Ç–∏–Ω–æ–π
",,https://storage.daniillepekhin.com/IK%2Fclub_miniapp%2Fvideo%2F%D0%9E%D1%82%D0%BA%D1%80%D1%8B%D0%B2%D0%B0%D0%B5%D0%BC%20%D1%81%D0%B5%D1%80%D0%B4%D1%86%D0%B5.%20%D0%9C%D0%B5%D0%B4%D0%B8%D1%82%D0%B0%D1%86%D0%B8%D1%8F.mp3
–ú–µ–¥–∏—Ç–∞—Ü–∏—è,–ê—É–¥–∏–æ,–û—Å–≤–æ–±–æ–∂–¥–µ–Ω–∏–µ –æ—Ç –°—Ç—Ä–∞—Ö–∞ –∏ –°–æ–º–Ω–µ–Ω–∏–π,https://disk.yandex.by/d/X0pMUNOGqGkLWw,"–°–ø–∏–∫–µ—Ä: –ö—Ä–∏—Å—Ç–∏–Ω–∞ –ï–≥–∏–∞–∑–∞—Ä–æ–≤–∞

–°—Ç—Ä–∞—Ö ‚Äî —ç—Ç–æ, –ø—Ä–µ–∂–¥–µ –≤—Å–µ–≥–æ, —Å–∏–≥–Ω–∞–ª, –ø—Ä–µ–¥—É–ø—Ä–µ–∂–¥–∞—é—â–∏–π –æ –ø–æ—Ç–µ–Ω—Ü–∏–∞–ª—å–Ω–æ–π —É–≥—Ä–æ–∑–µ. –ù–æ, –∫–∞–∫ –∏ –ª—é–±–∞—è —ç–º–æ—Ü–∏—è –≤ –∏–∑–±—ã—Ç–∫–µ, –æ–Ω –º–æ–∂–µ—Ç –∫–æ—Å–≤–µ–Ω–Ω–æ –Ω–∞–≤—Ä–µ–¥–∏—Ç—å –∫–∞—á–µ—Å—Ç–≤—É –∂–∏–∑–Ω–∏ —á–µ–ª–æ–≤–µ–∫–∞ –∏–∑-–∑–∞ –ø–æ–¥–∞–≤–ª–µ–Ω–Ω—ã—Ö –∞–º–±–∏—Ü–∏–π.

–ö–∞–∫ —ç—Ç–æ–≥–æ –Ω–µ –¥–æ–ø—É—Å—Ç–∏—Ç—å? 

üí´ –ù–∞–π–¥–∏ —É–¥–æ–±–Ω–æ–µ –º–µ—Å—Ç–æ –∏ –∑–∞–∫—Ä–æ–π –≥–ª–∞–∑–∞. –°–¥–µ–ª–∞–π –≥–ª—É–±–æ–∫–∏–π –≤–¥–æ—Ö‚Ä¶ –∏ –º–µ–¥–ª–µ–Ω–Ω—ã–π –≤—ã–¥–æ—Ö. –ü–æ–∑–≤–æ–ª—å —Å–µ–±–µ —Ä–∞—Å—Å–ª–∞–±–∏—Ç—å—Å—è.

üí´ –ü—Ä–µ–¥—Å—Ç–∞–≤—å, —á—Ç–æ —Å –∫–∞–∂–¥—ã–º –≤–¥–æ—Ö–æ–º —Ç—ã –Ω–∞–ø–æ–ª–Ω—è–µ—à—å—Å—è —Å–≤–µ—Ç–æ–º –∏ —Å–ø–æ–∫–æ–π—Å—Ç–≤–∏–µ–º, –∞ —Å –∫–∞–∂–¥—ã–º –≤—ã–¥–æ—Ö–æ–º –æ—Ç–ø—É—Å–∫–∞–µ—à—å —Å—Ç—Ä–∞—Ö –∏ —Å–æ–º–Ω–µ–Ω–∏—è, –∫–æ—Ç–æ—Ä—ã–µ –º–µ—à–∞—é—Ç –¥–≤–∏–≥–∞—Ç—å—Å—è –≤–ø–µ—Ä–µ–¥. –ü–æ—á—É–≤—Å—Ç–≤—É–π, –∫–∞–∫ —Ç—è–∂–µ—Å—Ç—å —Ç—Ä–µ–≤–æ–≥ –ø–æ—Å—Ç–µ–ø–µ–Ω–Ω–æ —É—Ö–æ–¥–∏—Ç, —Å–ª–æ–≤–Ω–æ —Ç—É–º–∞–Ω —Ä–∞—Å—Ç–≤–æ—Ä—è–µ—Ç—Å—è –ø–æ–¥ –ª—É—á–∞–º–∏ —Å–æ–ª–Ω—Ü–∞. –†–∞–∑—É–º —Å—Ç–∞–Ω–æ–≤–∏—Ç—Å—è —è—Å–Ω—ã–º, —Å–µ—Ä–¥—Ü–µ ‚Äî –ª–µ–≥–∫–∏–º.

üí´ –ü–æ–≤—Ç–æ—Ä—è–π –ø—Ä–æ —Å–µ–±—è –∏–ª–∏ –≤—Å–ª—É—Ö: ¬´–Ø –æ—Ç–ø—É—Å–∫–∞—é —Å—Ç—Ä–∞—Ö. –Ø –¥–æ–≤–µ—Ä—è—é —Å–µ–±–µ. –Ø –æ—Ç–∫—Ä—ã—Ç–∞ –Ω–æ–≤—ã–º –≤–æ–∑–º–æ–∂–Ω–æ—Å—Ç—è–º¬ª. –ü–æ–≥—Ä—É–∑–∏—Å—å –≤ —ç—Ç–æ —Å–æ—Å—Ç–æ—è–Ω–∏–µ –≤–Ω—É—Ç—Ä–µ–Ω–Ω–µ–π —É–≤–µ—Ä–µ–Ω–Ω–æ—Å—Ç–∏ –∏ –ø–æ–∫–æ—è, —á—Ç–æ–±—ã –ø–æ–∑–≤–æ–ª–∏—Ç—å —Å–µ–±–µ –ø–æ—á—É–≤—Å—Ç–≤–æ–≤–∞—Ç—å —Å–≤–æ–±–æ–¥—É –±—ã—Ç—å —Å–æ–±–æ–π!

üí´ –ö–æ–≥–¥–∞ –±—É–¥–µ—à—å –≥–æ—Ç–æ–≤–∞, —Å–¥–µ–ª–∞–π –µ—â—ë –æ–¥–∏–Ω –≥–ª—É–±–æ–∫–∏–π –≤–¥–æ—Ö –∏ –º–µ–¥–ª–µ–Ω–Ω–æ –æ—Ç–∫—Ä–æ–π –≥–ª–∞–∑–∞. –¢—ã ‚Äî —Å–º–µ–ª–æ—Å—Ç—å. –¢—ã ‚Äî —Å–≤–µ—Ç. –¢—ã ‚Äî —Å–∏–ª–∞.

üßô‚Äç‚ôÄÔ∏è –í—Ä–µ–º—è –Ω–∞ –≤—ã–ø–æ–ª–Ω–µ–Ω–∏–µ –º–µ–¥–∏—Ç–∞—Ü–∏–∏ ‚Äî 9 –º–∏–Ω—É—Ç!",,https://storage.daniillepekhin.com/IK%2Fclub_miniapp%2Fvideo%2F%D0%9C%D0%B5%D0%B4%D0%B8%D1%82%D0%B0%D1%86%D0%B8%D1%8F_%D0%9E%D1%81%D0%B2%D0%BE%D0%B1%D0%BE%D0%B6%D0%B4%D0%BD%D0%B8%D0%B5_%D0%BE%D1%82_%D0%A1%D1%82%D1%80%D0%B0%D1%85%D0%B0_%D0%B8_%D0%A1%D0%BE%D0%BC%D0%BD%D0%B5%D0%BD%D0%B8%D0%B8%CC%86.mp3
–ú–µ–¥–∏—Ç–∞—Ü–∏—è,–ê—É–¥–∏–æ,–£–≤–µ—Ä–µ–Ω–Ω–æ—Å—Ç—å,https://disk.yandex.by/d/HRuMOpuaPHh3oA,"–°–ø–∏–∫–µ—Ä: –ö—Ä–∏—Å—Ç–∏–Ω–∞ –ï–≥–∏–∞–∑–∞—Ä–æ–≤–∞

–£–≤–µ—Ä–µ–Ω–Ω–æ—Å—Ç—å ‚Äî —ç—Ç–æ –Ω–µ –∫–∞—á–µ—Å—Ç–≤–æ, –∞ –Ω–∞–≤—ã–∫, –∫–æ—Ç–æ—Ä—ã–π —É–ª—É—á—à–∞–µ—Ç —Å–∞–º–æ–æ—Ü–µ–Ω–∫—É —á–µ–ª–æ–≤–µ–∫–∞ –∏ –ø–æ–º–æ–≥–∞–µ—Ç –≤ –ø—Ä–∏–Ω—è—Ç–∏–∏ —Ä–µ—à–µ–Ω–∏–π. –≠—Ç–æ —Ñ—É–Ω–¥–∞–º–µ–Ω—Ç, –¥–∞—é—â–∏–π –æ—â—É—â–µ–Ω–∏–µ –±–µ–∑–æ–ø–∞—Å–Ω–æ—Å—Ç–∏ –∏ —É—Å—Ç–æ–π—á–∏–≤–æ—Å—Ç–∏ –∫–∞–∫ –∫ –≤–Ω—É—Ç—Ä–µ–Ω–Ω–∏–º, —Ç–∞–∫ –∏ –∫ –≤–Ω–µ—à–Ω–∏–º –ø—Ä–æ–±–ª–µ–º–∞–º. –ö–∞–∫ –µ–≥–æ —Å–æ–∑–¥–∞—Ç—å? 

üí´ –ü—Ä–∏–º–∏ –ª—é–±–æ–µ –∫–æ–º—Ñ–æ—Ä—Ç–Ω–æ–µ –ø–æ–ª–æ–∂–µ–Ω–∏–µ, —É–±–µ–¥–∏—Å—å, —á—Ç–æ –±–ª–∏–∂–∞–π—à–∏–µ 10 –º–∏–Ω—É—Ç —Ç–µ–±—è –Ω–∏–∫—Ç–æ –Ω–µ –ø–æ—Ç—Ä–µ–≤–æ–∂–∏—Ç, –Ω–∞—Å—Ç—Ä–æ–π –¥—ã—Ö–∞–Ω–∏–µ –∏ —Å—Ñ–æ–∫—É—Å–∏—Ä—É–π—Å—è –Ω–∞ —Å–≤–æ–µ–º –≤–Ω—É—Ç—Ä–µ–Ω–Ω–µ–º –ø—Ä–æ—Å—Ç—Ä–∞–Ω—Å—Ç–≤–µ: –Ω–µ—Å–∫–æ–ª—å–∫–æ —Ä–∞–∑ —Å–¥–µ–ª–∞–π –≥–ª—É–±–æ–∫–∏–π –≤–¥–æ—Ö —á–µ—Ä–µ–∑ –Ω–æ—Å –∏ –º–µ–¥–ª–µ–Ω–Ω—ã–π –≤—ã–¥–æ—Ö —á–µ—Ä–µ–∑ —Ä–æ—Ç. –ù–∞–ø—Ä—è–∂–µ–Ω–∏–µ –ø–æ–∫–∏–¥–∞–µ—Ç —Ç–≤–æ–µ —Ç–µ–ª–æ –∏ –º—ã—Å–ª–∏. 

üí´–ù–∞–ø—Ä–∞–≤—å –≤–Ω–∏–º–∞–Ω–∏–µ –≤–æ –≤–Ω—É—Ç—Ä—å —Å–≤–æ–µ–π –≥—Ä—É–¥–∏ –∏ –ø—Ä–µ–¥—Å—Ç–∞–≤—å, –∫–∞–∫ –≤ –µ–µ —Ü–µ–Ω—Ç—Ä–µ –Ω–∞—á–∏–Ω–∞–µ—Ç –∑–∞–≥–æ—Ä–∞—Ç—å—Å—è –∑–æ–ª–æ—Ç–∏—Å—Ç—ã–π, —Ç–µ–ø–ª—ã–π —Å–≤–µ—Ç, –∫–æ—Ç–æ—Ä—ã–π –Ω–∞–ø–æ–ª–Ω–µ–Ω –ø—Ä–∏–Ω—è—Ç–∏–µ–º, –ª—é–±–æ–≤—å—é –∏ —Å–∏–ª–æ–π. –≠—Ç–æ ‚Äî —Ç–≤–æ—è –∏—Å—Ç–∏–Ω–Ω–∞—è –ø—Ä–∏—Ä–æ–¥–∞: —Ü–µ–ª–æ—Å—Ç–Ω–∞—è, —É–≤–µ—Ä–µ–Ω–Ω–∞—è, –¥–æ—Å—Ç–æ–π–Ω–∞—è —Å–∞–º–æ–≥–æ –ª—É—á—à–µ–≥–æ! 

üí´ –ü–æ–∑–≤–æ–ª—å —ç—Ç–æ–º—É —Å–≤–µ—á–µ–Ω–∏—é —Ä–∞—Å—Ç–µ—á—å—Å—è —Ç–µ–ø–ª–æ–º –ø–æ –≤—Å–µ–º—É —Ç–µ–ª—É –æ—Ç —Å–µ—Ä–¥—Ü–∞ –¥–æ —Å–∞–º—ã—Ö –∫–æ–Ω—á–∏–∫–æ–≤ –ø–∞–ª—å—Ü–µ–≤. –í –ø—Ä–æ—Ü–µ—Å—Å–µ —Ç—ã –≤–æ–∑–≤—Ä–∞—â–∞–µ—à—å —Å–µ–±–µ –ø—Ä–∞–≤–æ –±—ã—Ç—å —Å–æ–±–æ–π: –±—ã—Ç—å —É–≤–µ—Ä–µ–Ω–Ω–æ–π –≤ –∫–∞–∂–¥–æ–º —Å–ª–æ–≤–µ, —à–∞–≥–µ –∏ –ª—é–±–æ–º –º–∞–ª–µ–π—à–µ–º –¥–≤–∏–∂–µ–Ω–∏–∏. –ò –¥–∞–ª—å—à–µ ‚Äî –±–æ–ª—å—à–µ! 

üßô‚Äç‚ôÄÔ∏è –ü—Ä–æ—Å–ª—É—à–∞–π –∞—É–¥–∏–æ–∑–∞–ø–∏—Å—å –∏ –ø—Ä–æ–π–¥–∏ –í–°–Æ –º–µ–¥–∏—Ç–∞—Ü–∏—é –æ—Ç –ö—Ä–∏—Å—Ç–∏–Ω—ã, —á—Ç–æ–±—ã –∑–∞–∫—Ä–µ–ø–∏—Ç—å –≤ —Å–µ–±–µ —á—É–≤—Å—Ç–≤–æ —É–≤–µ—Ä–µ–Ω–Ω–æ—Å—Ç–∏!",,https://storage.daniillepekhin.com/IK%2Fclub_miniapp%2Fvideo%2F%D0%9C%D0%B5%D0%B4%D0%B8%D1%82%D0%B0%D1%86%D0%B8%D1%8F%20%D0%BD%D0%B0%20%D0%A3%D0%B2%D0%B5%D1%80%D0%B5%D0%BD%D0%BD%D0%BE%D1%81%D1%82%D1%8C.mp3
–ú–µ–¥–∏—Ç–∞—Ü–∏—è,–ê—É–¥–∏–æ,–ò–∑–±–∞–≤–ª–µ–Ω–∏–µ –æ—Ç —Ç—Ä–µ–≤–æ–≥–∏,https://disk.yandex.by/d/H-kd7CpjY8o92A,–°–ø–∏–∫–µ—Ä: –ö—Ä–∏—Å—Ç–∏–Ω–∞ –ï–≥–∏–∞–∑–∞—Ä–æ–≤–∞,,https://storage.daniillepekhin.com/IK%2Fclub_miniapp%2Fvideo%2F%D0%98%D0%B7%D0%B1%D0%B0%D0%B2%D0%BB%D0%B5%D0%BD%D0%B8%D0%B5%20%D0%BE%D1%82%20%D0%BE%D0%B1%D0%B8%D0%B4.mp3
–ú–µ–¥–∏—Ç–∞—Ü–∏—è,–ê—É–¥–∏–æ,–¢–≤–æ–µ –ø—Ä–µ–¥–Ω–∞–∑–Ω–∞—á–µ–Ω–∏–µ,https://disk.yandex.by/d/-528RLuoQzIkYw,–°–ø–∏–∫–µ—Ä: –ö—Ä–∏—Å—Ç–∏–Ω–∞ –ï–≥–∏–∞–∑–∞—Ä–æ–≤–∞,,https://storage.daniillepekhin.com/IK%2Fclub_miniapp%2Fvideo%2F%D0%9C%D0%B5%D0%B4%D0%B8%D1%82%D0%B0%D1%86%D0%B8%D1%8F%20%D0%A2%D0%B2%D0%BE%D0%B5%CC%88%20%D0%BF%D1%80%D0%B5%D0%B4%D0%BD%D0%B0%D0%B7%D0%BD%D0%B0%D1%87%D0%B5%D0%BD%D0%B8%D0%B5.mp3
–ú–µ–¥–∏—Ç–∞—Ü–∏—è,–ê—É–¥–∏–æ,–ü—Ä–∏–Ω—è—Ç–∏–µ —Ä–æ–¥–∏—Ç–µ–ª–µ–π,https://disk.yandex.by/d/46m6TbJPNUvgxw,–°–ø–∏–∫–µ—Ä: –ö—Ä–∏—Å—Ç–∏–Ω–∞ –ï–≥–∏–∞–∑–∞—Ä–æ–≤–∞,,https://storage.daniillepekhin.com/IK%2Fclub_miniapp%2Fvideo%2F%D0%9C%D0%B5%D0%B4%D0%B8%D1%82%D0%B0%D1%86%D0%B8%D1%8F_%D0%BD%D0%B0_%D0%BF%D1%80%D0%B8%D0%BD%D1%8F%D1%82%D0%B8%D0%B5_%D1%80%D0%BE%D0%B4%D0%B8%D1%82%D0%B5%D0%BB%D0%B5%D0%B8%CC%86.mp3
–ü—Ä–∞–∫—Ç–∏–∫–∞,–í–∏–¥–µ–æ,–ö–∞–∫ —Å–æ–∑–¥–∞—Ç—å –≤–Ω—É—Ç—Ä–µ–Ω—é—é –æ–ø–æ—Ä—É –∏ —É–≤–µ—Ä–µ–Ω–Ω–æ—Å—Ç—å –≤ –±—É–¥—É—â–µ–º?,https://disk.yandex.ru/i/3df-XicGNeuA7w,–°–ø–∏–∫–µ—Ä: –ö—Ä–∏—Å—Ç–∏–Ω–∞ –§–∏–ª–∏–ø–ø–æ–≤–∞,,https://storage.daniillepekhin.com/IK%2Fclub_miniapp%2Fvideo%2F%D0%9A%D0%B0%D0%BA%20%D1%81%D0%BE%D0%B7%D0%B4%D0%B0%D1%82%D1%8C%20%D0%B2%D0%BD%D1%83%D1%82%D1%80%D0%B5%D0%BD%D1%8E%D1%8E%20%D0%BE%D0%BF%D0%BE%D1%80%D1%83%20%D0%B8%20%D1%83%D0%B2%D0%B5%D1%80%D0%B5%D0%BD%D0%BD%D0%BE%D1%81%D1%82%D1%8C%20%D0%B2%20%D0%B1%D1%83%D0%B4%D1%83%D1%89%D0%B5%D0%BC__smaller.mp4
–ü—Ä–∞–∫—Ç–∏–∫–∞,–í–∏–¥–µ–æ,–ö–∞–∫ —Å–æ—Ö—Ä–∞–Ω—è—Ç—å —ç–Ω–µ—Ä–≥–∏—é –∏ –Ω–µ –≤—ã–≥–æ—Ä–∞—Ç—å?,https://disk.yandex.ru/i/-lpMrO8n_KeKWw,–°–ø–∏–∫–µ—Ä: –ö—Ä–∏—Å—Ç–∏–Ω–∞ –§–∏–ª–∏–ø–ø–æ–≤–∞,,https://storage.daniillepekhin.com/IK%2Fclub_miniapp%2Fvideo%2F%D0%9A%D0%B0%D0%BA%20%D1%81%D0%BE%D1%85%D1%80%D0%B0%D0%BD%D1%8F%D1%82%D1%8C%20%D1%8D%D0%BD%D0%B5%D1%80%D0%B3%D0%B8%D1%8E%20%D0%B8%20%D0%BD%D0%B5%20%D0%B2%D1%8B%D0%B3%D0%BE%D1%80%D0%B0%D1%82%D1%8C__smaller.mp4
–ü—Ä–∞–∫—Ç–∏–∫–∞,–ê—É–¥–∏–æ,–ü—Ä–∞–∫—Ç–∏–∫–∏ –ù–õ–ü,https://disk.yandex.by/d/12RR8dB5hNPRsA,"–°–ø–∏–∫–µ—Ä: –ê–ª–µ–Ω–∞ –í–µ—Ç–µ—Ä 

‚ùì –ù–∞–≤–µ—Ä–Ω—è–∫–∞ –≤—ã —Å–ª—ã—à–∞–ª–∏ –æ–± –ù–õ–ü-—Ç–µ—Ö–Ω–∏–∫–∞—Ö, –Ω–æ –¥–æ–≤–æ–¥–∏–ª–æ—Å—å –ª–∏ –≤–∞–º –∫–æ–≥–¥–∞-–Ω–∏–±—É–¥—å –ø–æ–ø—Ä–æ–±–æ–≤–∞—Ç—å –∏—Ö –≤ –¥–µ–π—Å—Ç–≤–∏–∏? 

‚ùóÔ∏è –°–µ–≥–æ–¥–Ω—è –º—ã –ø—Ä–µ–¥–æ—Å—Ç–∞–≤–∏–º –≤–∞–º —Ç–∞–∫—É—é –≤–æ–∑–º–æ–∂–Ω–æ—Å—Ç—å!

–°–µ–≥–æ–¥–Ω—è –≤—ã —É–∑–Ω–∞–µ—Ç–µ, –∫–∞–∫ —Å –ø–æ–º–æ—â—å—é –ø—Ä–æ—Å—Ç—ã—Ö –ø—Å–∏—Ö–æ–ª–æ–≥–∏—á–µ—Å–∫–∏—Ö —É–ø—Ä–∞–∂–Ω–µ–Ω–∏–π –∏ –æ–±—ã—á–Ω—ã—Ö —Å–ª–æ–≤ –º–æ–∂–Ω–æ –ø—Ä–æ—Ä–∞–±–æ—Ç–∞—Ç—å –∫–∞–∫ —Å–æ–∑–Ω–∞–Ω–∏–µ, —Ç–∞–∫ –∏ –ø–æ–¥—Å–æ–∑–Ω–∞–Ω–∏–µ?

–ü–æ–¥–≥–æ—Ç–æ–≤—å—Ç–µ –∑–∞—Ä–∞–Ω–µ–µ: 

üìÑ  –õ–∏—Å—Ç–æ–∫ –±—É–º–∞–≥–∏

üñä  –†—É—á–∫—É

‚ú®  –ñ–µ–ª–∞–Ω–∏–µ 

üí° –î–ª—è –≤–∞—à–µ–≥–æ —É–¥–æ–±—Å—Ç–≤–∞ –º—ã –¥–æ–ø–æ–ª–Ω–∏—Ç–µ–ª—å–Ω–æ —Å–æ–∑–¥–∞–ª–∏ –ø–æ–¥—Ä–æ–±–Ω—ã–π –≥–∞–π–¥ —Å –ø—Ä–∞–∫—Ç–∏–∫–æ–π –∏ –ø–æ–ª–Ω–æ–π –µ–µ —Ä–∞—Å—à–∏—Ñ—Ä–æ–≤–∫–æ–π. –¶",–ú–µ—Ç–æ–¥–∏—á–∫–∞: https://storage.daniillepekhin.com/IK%2Fclub_miniapp%2Fvideo%2F%D0%9D%D0%9B%D0%9F.pdf,https://storage.daniillepekhin.com/IK%2Fclub_miniapp%2Fvideo%2F%D0%9F%D1%80%D0%B0%D0%BA%D1%82%D0%B8%D0%BA%D0%B8%20%D0%9D%D0%9B%D0%9F.mp3
–ü—Ä–∞–∫—Ç–∏–∫–∞,–ê—É–¥–∏–æ,–õ—é–±–æ–≤—å –∫ —Å–≤–æ–µ–º—É —Ç–µ–ª—É,https://disk.yandex.by/d/SGePMrW2kpgadw,"ü´¢ –ü–æ—Ç–µ—Ä—è–ª–∞ –ª—é–±–æ–≤—å –∫ —Å–µ–±–µ? 

–í–µ—Ä–Ω—É—Ç—å—Å—è –≤ –Ω—É–∂–Ω–æ–µ —Å–æ—Å—Ç–æ—è–Ω–∏–µ –Ω–µ —Ç–∞–∫ —É–∂ –∏ —Å–ª–æ–∂–Ω–æ, –µ—Å–ª–∏ –∑–Ω–∞–µ—à—å –≤–µ—Ä–Ω—ã–π –ø–æ–¥—Ö–æ–¥. –ò, —Ä–∞–∑—É–º–µ–µ—Ç—Å—è, –ö—Ä–∏—Å—Ç–∏–Ω–∞ —É–∂–µ —Å–æ–∑–¥–∞–ª–∞ –¥–ª—è —Ç–µ–±—è –º–∏–Ω–∏-–ø–æ–¥—Å–∫–∞–∑–∫—É ‚Äî –º–µ–¥–∏—Ç–∞—Ü–∏—é ¬´–õ—é–±–æ–≤—å –∫ —Å–≤–æ–µ–º—É —Ç–µ–ª—É¬ª! ü§ç

–°–ª–µ–¥—É–π —É–∫–∞–∑–∞–Ω–∏—è–º –≥–æ–ª–æ—Å–∞ –∏–∑ –∑–∞–ø–∏—Å–∏ –∏ –æ—Ç–≤–µ—Ç—å –Ω–∞ –≤–æ–ø—Ä–æ—Å—ã: 

üåÄ –ß—Ç–æ —è —á—É–≤—Å—Ç–≤–æ–≤–∞–ª–∞ –≤–æ –≤—Ä–µ–º—è –ø—Ä–∞–∫—Ç–∏–∫–∏? (—ç–º–æ—Ü–∏–∏, —Ç–µ–ª–µ—Å–Ω—ã–µ –æ—â—É—â–µ–Ω–∏—è, –Ω–µ–æ–∂–∏–¥–∞–Ω–Ω—ã–µ –æ–±—Ä–∞–∑—ã)
üí¨ –ö–∞–∫–∏–µ —á–∞—Å—Ç–∏ —Ç–µ–ª–∞ –æ—Ç–æ–∑–≤–∞–ª–∏—Å—å —Å–∏–ª—å–Ω–µ–µ –≤—Å–µ–≥–æ? –ß—Ç–æ —è –ø–æ–Ω—è–ª–∞ –æ –Ω–∏—Ö?
üåø –ß—Ç–æ –¥–ª—è –º–µ–Ω—è —Å—Ç–∞–ª–æ –æ—Ç–∫—Ä—ã—Ç–∏–µ–º –∏–ª–∏ –Ω–æ–≤—ã–º –≤–∑–≥–ª—è–¥–æ–º –Ω–∞ —Å–µ–±—è?
ü§ç –ß—Ç–æ —è —Ö–æ—á—É —Å–¥–µ–ª–∞—Ç—å –¥–ª—è —Å–≤–æ–µ–≥–æ —Ç–µ–ª–∞ –ø–æ—Å–ª–µ —ç—Ç–æ–π –ø—Ä–∞–∫—Ç–∏–∫–∏ ‚Äî –ø—Ä—è–º–æ —Å–µ–≥–æ–¥–Ω—è? (–º–∞–ª–µ–Ω—å–∫–æ–µ –¥–µ–π—Å—Ç–≤–∏–µ, –∑–∞–±–æ—Ç–∞, –æ—Ç–¥—ã—Ö)
üìé –ï—Å–ª–∏ –±—ã –º–æ—ë —Ç–µ–ª–æ –º–æ–≥–ª–æ –Ω–∞–ø–∏—Å–∞—Ç—å –º–Ω–µ –ø–∏—Å—å–º–æ, –æ —á—ë–º –±—ã –æ–Ω–æ –±—ã–ª–æ?",,https://storage.daniillepekhin.com/IK%2Fclub_miniapp%2Fvideo%2F%D0%9F%D1%80%D0%B0%D0%BA%D1%82%D0%B8%D0%BA%D0%B0__%D0%9B%D1%8E%D0%B1%D0%BE%D0%B2%D1%8C_%D0%BA_%D1%81%D0%B2%D0%BE%D0%B5%D0%BC%D1%83_%D1%82%D0%B5%D0%BB%D1%83_.mp3
–ü—Ä–∞–∫—Ç–∏–∫–∞,–ê—É–¥–∏–æ,–ó–∞–∑–µ–º–ª–µ–Ω–∏–µ,https://disk.yandex.by/d/CG4QHAVH2EiJbQ,"‚ùì –ó–∞—á–µ–º —Ä–∞–∑–±–∏–≤–∞—Ç—å –±–æ–ª—å—à—É—é —Ü–µ–ª—å –Ω–∞ –Ω–µ—Å–∫–æ–ª—å–∫–æ –º–∞–ª–µ–Ω—å–∫–∏—Ö —à–∞–≥–æ–≤?
‚ùóÔ∏è –î–µ–ª–æ –Ω–µ —Ç–æ–ª—å–∫–æ –≤ —Ç–æ–º, —á—Ç–æ –∑–∞–¥–∞—á–∞ –ø–æ—Å–ª–µ —ç—Ç–æ–≥–æ –∫–∞–∂–µ—Ç—Å—è –±–æ–ª–µ–µ –¥–æ—Å—Ç–∏–∂–∏–º–æ–π: –±–æ–ª—å—à—É—é —Ä–æ–ª—å –∏–≥—Ä–∞–µ—Ç –≤–∞–∂–Ω—ã–π –ø—Ä–æ—Ü–µ—Å—Å ‚Äî –∑–∞–∑–µ–º–ª–µ–Ω–∏–µ —ç–Ω–µ—Ä–≥–∏–∏. 

–ó–∞–∑–µ–º–ª–µ–Ω–∏–µ ‚Äî —ç—Ç–æ –∫–æ–≥–¥–∞, –º—ã—Å–ª–µ–Ω–Ω–æ –ø—Ä–µ–¥—Å—Ç–∞–≤–∏–≤ —Ü–µ–ª—å, –º—ã —Å–æ–≤–µ—Ä—à–∞–µ–º –æ–ø—Ä–µ–¥–µ–ª–µ–Ω–Ω—ã–µ –¥–µ–π—Å—Ç–≤–∏—è —É–∂–µ –≤ —Ñ–∏–∑–∏—á–µ—Å–∫–æ–º –º–∏—Ä–µ, –∑–∞–ø—É—Å–∫–∞—è —Å–≤–æ—é —ç–Ω–µ—Ä–≥–∏—é –¥–ª—è —Ä–µ–∞–ª–∏–∑–∞—Ü–∏–∏ –∑–∞–¥—É–º–∞–Ω–Ω–æ–≥–æ. 

–≠—Ç–æ –æ–¥–Ω–æ –∏–∑ –≤–∞–∂–Ω–µ–π—à–∏—Ö –∏ –∫–ª—é—á–µ–≤—ã—Ö –ø–æ–Ω—è—Ç–∏–π –ø—Ä–∏ –¥–æ—Å—Ç–∏–∂–µ–Ω–∏–∏ —Ü–µ–ª–µ–π –∏ –æ—Å—É—â–µ—Å—Ç–≤–ª–µ–Ω–∏–∏ –º–µ—á—Ç!

–ü–æ—ç—Ç–æ–º—É —Å–µ–≥–æ–¥–Ω—è –º—ã –ø—Ä–µ–¥–ª–∞–≥–∞–µ–º –≤–∞–º –∑–∞–∑–µ–º–ª–∏—Ç—å—Å—è –±–ª–∞–≥–æ–¥–∞—Ä—è –æ–¥–Ω–æ–π –∏–∑ –ø—Ä–∏—è—Ç–Ω–µ–π—à–∏—Ö –º–µ–¥–∏—Ç–∞—Ü–∏–π –æ—Ç —Å–ø–∏–∫–µ—Ä–∞ –Ω–∞—à–µ–≥–æ –ò–Ω—Å—Ç–∏—Ç—É—Ç–∞ –¥—É—Ö–æ–≤–Ω—ã—Ö –Ω–∞—É–∫ ¬´–ò—Å—Ö–æ–¥–Ω—ã–π –∫–æ–¥¬ª. ",,https://storage.daniillepekhin.com/IK%2Fclub_miniapp%2Fvideo%2F%D0%97%D0%B0%D0%B7%D0%B5%D0%BC%D0%BB%D0%B5%D0%BD%D0%B8%D0%B5.mp3
–ü—Ä–∞–∫—Ç–∏–∫–∞,–ê—É–¥–∏–æ,–ò–∑–±–∞–≤–ª–µ–Ω–∏–µ –æ—Ç –æ–±–∏–¥,https://disk.yandex.by/d/p146MwcfCo5SLA,"–°–ø–∏–∫–µ—Ä: –ö—Ä–∏—Å—Ç–∏–Ω–∞ –ï–≥–∏–∞–∑–∞—Ä–æ–≤–∞ 

–û–±—â–µ–Ω–∏–µ —Å –ª—é–¥—å–º–∏ –ø—Ä–∏–Ω–æ—Å—è—Ç –Ω–∞–º –º–Ω–æ–≥–æ —ç–º–æ—Ü–∏–π –∏ –ø–æ–ª—å–∑—ã –≤ –≤–∏–¥–µ –æ–ø—ã—Ç–∞: –∫–∞–∫ –ø–æ–ª–æ–∂–∏—Ç–µ–ª—å–Ω–æ–≥–æ, —Ç–∞–∫ –∏ –æ—Ç—Ä–∏—Ü–∞—Ç–µ–ª—å–Ω–æ–≥–æ. 

‚òùÔ∏è –û–±—Ä–∞—Ç–Ω–∞—è —Å—Ç–æ—Ä–æ–Ω–∞ –≤–∑–∞–∏–º–æ–æ—Ç–Ω–æ—à–µ–Ω–∏–π ‚Äî —ç—Ç–æ –Ω–µ–≥–∞—Ç–∏–≤, –∫–æ—Ç–æ—Ä—ã–π –∫–æ–ø–∏—Ç—Å—è –≤ –Ω–∞—Å –≥–æ–¥–∞–º–∏, –µ—Å–ª–∏ –Ω–µ –¥–∞—Ç—å –µ–º—É –≤—ã–π—Ç–∏ —ç–∫–æ–ª–æ–≥–∏—á–Ω–æ, —Ç–æ –µ—Å—Ç—å –±–µ–∑ –≤—Ä–µ–¥–∞ –¥–ª—è —Å–µ–±—è –∏ –æ–∫—Ä—É–∂–∞—é—â–∏—Ö.

–•–æ—á–µ—à—å —É–∑–Ω–∞—Ç—å, –ø–æ—á–µ–º—É –ö—Ä–∏—Å—Ç–∏–Ω–∞ –≤—ã–±—Ä–∞–ª–∞ –¥–ª—è —Ç–µ–±—è –∏–º–µ–Ω–Ω–æ —ç—Ç—É –ø—Ä–∞–∫—Ç–∏–∫—É? 

‚ñ´Ô∏è –æ–Ω–∞ –±—ã—Å—Ç—Ä–∞—è, –Ω–æ —ç—Ñ—Ñ–µ–∫—Ç–∏–≤–Ω–∞—è
‚ñ´Ô∏è –µ–µ –ª–µ–≥–∫–æ –∑–∞–ø–æ–º–Ω–∏—Ç—å –∏ –ø—Ä–∏–º–µ–Ω–∏—Ç—å —Ç–æ–≥–¥–∞, –∫–æ–≥–¥–∞ —Ç–µ–±–µ —ç—Ç–æ –±—É–¥–µ—Ç –Ω–µ–æ–±—Ö–æ–¥–∏–º–æ
‚ñ´Ô∏è –ø–æ–∑–≤–æ–ª—è–µ—Ç –æ—Ç–ø—É—Å—Ç–∏—Ç—å –Ω–µ–ø—Ä–æ–∂–∏—Ç—ã–µ, –Ω–µ–ø—Ä–æ—Ä–∞–±–æ—Ç–∞–Ω–Ω—ã–µ –∏ –∑–∞–ø–µ—Ä—Ç—ã–µ —Ä–∞–Ω–µ–µ –±–æ–ª—å –∏ —Ç—Ä–∞–≤–º—ã –ø—Ä–æ—à–ª–æ–≥–æ

–£–ø—Ä–∞–∂–Ω–µ–Ω–∏–µ –∏–∑ –∞—É–¥–∏–æ –ø–æ–º–æ–∂–µ—Ç —Ç–µ–±–µ –æ—Ç–ø—É—Å—Ç–∏—Ç—å –æ–±–∏–¥—ã, —á—Ç–æ–±—ã –±–µ–∑ –æ–≥–ª—è–¥–∫–∏ –Ω–∞ –ø—Ä–æ—à–ª–æ–µ –∏–¥—Ç–∏ —Ç–æ–ª—å–∫–æ –≤–ø–µ—Ä–µ–¥!",,
–ü—Ä–∞–∫—Ç–∏–∫–∞,–ê—É–¥–∏–æ,–°–µ–ø–∞—Ä–∞—Ü–∏—è –æ—Ç —Ä–æ–¥–∏—Ç–µ–ª–µ–π,https://disk.yandex.by/d/211G6FH-XEO5-A,"–°–ø–∏–∫–µ—Ä: –î–∏–∞–Ω–∞
–ü—Å–∏—Ö–æ–ª–æ–≥ –∏ –¥–µ–∫–∞–Ω –ò–Ω—Å—Ç–∏—Ç—É—Ç–∞ –¥—É—Ö–æ–≤–Ω—ã—Ö –Ω–∞—É–∫ ¬´–ò—Å—Ö–æ–¥–Ω—ã–π –∫–æ–¥¬ª

üßô‚Äç‚ôÄÔ∏è –ü—É—Ç—å –∫ –≤–∑—Ä–æ—Å–ª–µ–Ω–∏—é –∏ —Å—Ç–∞–Ω–æ–≤–ª–µ–Ω–∏—é –ª–∏—á–Ω–æ—Å—Ç–∏ –ª–µ–∂–∏—Ç —á–µ—Ä–µ–∑ –≤—ã—Ö–æ–¥ –∏–∑-–ø–æ–¥ –æ–ø–µ–∫–∏ —Ä–æ–¥–∏—Ç–µ–ª–µ–π. –ù–æ —á—Ç–æ –ø—Ä–æ–∏—Å—Ö–æ–¥–∏—Ç —Å —Ç–µ–º–∏, –∫—Ç–æ –Ω–µ —Ö–æ—á–µ—Ç –≤—ã—Ö–æ–¥–∏—Ç—å –∏–∑-–ø–æ–¥ –æ–ø–µ–∫–∏ —Ä–æ–¥–∏—Ç–µ–ª–µ–π?

1. –ò–∑-–∑–∞ –æ—Ç—Å—É—Ç—Å—Ç–≤–∏—è —ç–º–æ—Ü–∏–æ–Ω–∞–ª—å–Ω–æ–π, —Ñ–∏–∑–∏—á–µ—Å–∫–æ–π –∏ —Ñ–∏–Ω–∞–Ω—Å–æ–≤–æ–π —Å–∞–º–æ—Å—Ç–æ—è—Ç–µ–ª—å–Ω–æ—Å—Ç–∏, –æ–Ω–∏ –∏—â—É—Ç —Ä–æ–¥–∏—Ç–µ–ª—å—Å–∫—É—é —Ñ–∏–≥—É—Ä—É –≤ –±–ª–∏–∑–∫–∏—Ö;

2. –ù–µ—É–≤–µ—Ä–µ–Ω–Ω–æ—Å—Ç—å –∏ –Ω–µ—É–º–µ–Ω–∏–µ –≤—ã—Å—Ç—Ä–∞–∏–≤–∞—Ç—å –ª–∏—á–Ω—ã–µ –≥—Ä–∞–Ω–∏—Ü—ã —Å—Ç–∞–Ω–æ–≤—è—Ç—Å—è —á–∞—Å—Ç—å—é –∏—Ö –∂–∏–∑–Ω–∏;

3. –ù–µ –∏–º–µ—è —Å–æ–±—Å—Ç–≤–µ–Ω–Ω–æ–≥–æ –æ–ø—ã—Ç–∞ –∏–º —Ç—Ä—É–¥–Ω–æ ¬´–Ω–∞–π—Ç–∏ —Å–µ–±—è¬ª –∏ –≤—ã—Ä–∞–∂–∞—Ç—å –º–Ω–µ–Ω–∏–µ;

4. –û–Ω–∏ –∑–∞–≤–∏—Å—è—Ç –æ—Ç –º–Ω–µ–Ω–∏—è –æ–∫—Ä—É–∂–∞—é—â–∏—Ö, –∏ –ª—é–±–æ–µ –Ω–µ—Å–æ–≥–ª–∞—Å–∏–µ –≤–æ—Å–ø—Ä–∏–Ω–∏–º–∞—é—Ç –≤ —à—Ç—ã–∫–∏. 

‚ùì –•–æ—á–µ—à—å —É–∑–Ω–∞—Ç—å, –∫–∞–∫ –∏–∑–±–µ–∂–∞—Ç—å –Ω–µ–≥–∞—Ç–∏–≤–Ω–æ–≥–æ –≤–ª–∏—è–Ω–∏—è –æ—Ç –Ω–µ –ø—Ä–æ–π–¥–µ–Ω–Ω–æ–π —Å–µ–ø–∞—Ä–∞—Ü–∏–∏? 
‚ùóÔ∏è –¢–æ–≥–¥–∞ —Å–∫–æ—Ä–µ–µ –≤—ã–ø–æ–ª–Ω—è–π –ø—Ä–∞–∫—Ç–∏–∫—É!",,https://storage.daniillepekhin.com/IK%2Fclub_miniapp%2Fvideo%2F%D0%A1%D0%B5%D0%BF%D0%B0%D1%80%D0%B0%D1%86%D0%B8%D1%8F%20%D0%BE%D1%82%20%D1%80%D0%BE%D0%B4%D0%B8%D1%82%D0%B5%D0%BB%D0%B5%D0%B8%CC%86.mp3
–ü—Ä–∞–∫—Ç–∏–∫–∞,–ê—É–¥–∏–æ,–ñ–∏–∑–Ω—å –≤ –ª–µ–≥–∫–æ—Å—Ç–∏,https://disk.yandex.by/d/zLCg130nDdaGxQ,"–í —Å–æ–≤—Ä–µ–º–µ–Ω–Ω–æ–º –º–∏—Ä–µ, –ø–æ–ª–Ω–æ–º —Å—É–µ—Ç—ã –∏ —Å—Ç—Ä–µ—Å—Å–∞, –∫–∞–∂–¥–æ–º—É –≤–∞–∂–Ω–æ –Ω–∞–π—Ç–∏ –≤–Ω—É—Ç—Ä–µ–Ω–Ω–∏–π –ø–æ–∫–æ–π –∏ –≥–∞—Ä–º–æ–Ω–∏—é. –ü–æ—ç—Ç–æ–º—É —è –ø—Ä–µ–¥–ª–∞–≥–∞—é —Ç–µ–±–µ –ø—Ä–∞–∫—Ç–∏–∫—É, –∫–æ—Ç–æ—Ä–∞—è –ø–æ–∑–≤–æ–ª–∏—Ç —Å–æ—Å—Ä–µ–¥–æ—Ç–æ—á–∏—Ç—å—Å—è –Ω–∞: 

üí´ –Ω–∞ –æ—â—É—â–µ–Ω–∏—è—Ö —Ç–µ–ª–∞
üí´ –¥—ã—Ö–∞–Ω–∏–∏ 
üí´ –ø–æ–∑–∏—Ç–∏–≤–Ω—ã—Ö –º—ã—Å–ª—è—Ö 

–ò–º–µ–Ω–Ω–æ —ç—Ç–∏ —Å–æ—Å—Ç–æ–≤–ª—è—é—â–∏–µ –∏ –ø–æ–¥–∞—Ä—è—Ç —Ç–µ–±–µ –∑–∞–≤–µ—Ç–Ω–æ–µ —á—É–≤—Å—Ç–≤–æ –ª–µ–≥–∫–æ—Å—Ç–∏!

üí´ –°–¥–µ–ª–∞–π –ø–µ—Ä–≤—ã–π —à–∞–≥ –Ω–∞–≤—Å—Ç—Ä–µ—á—É —Å–µ–±–µ –∏ –ø—Ä–æ–π–¥–∏ –ø—Ä–∞–∫—Ç–∏–∫—É –¥–ª—è —Ç–æ–≥–æ, —á—Ç–æ–±—ã –≤–æ—Å—Å—Ç–∞–Ω–æ–≤–∏—Ç—å —Å–≤–æ–∏ —Å–∏–ª—ã, –Ω–∞–ø–æ–ª–Ω–∏—Ç—å—Å—è –≤–¥–æ—Ö–Ω–æ–≤–µ–Ω–∏–µ–º, –ø—Ä–∏–Ω—è—Ç—å —Å–æ–±—ã—Ç–∏—è —Ç–∞–∫–∏–º–∏, –∫–∞–∫–∏–µ –æ–Ω–∏ –µ—Å—Ç—å –∏ –≤–∏–¥–µ—Ç—å –∫—Ä–∞—Å–æ—Ç—É –≤ –º–µ–ª–æ—á–∞—Ö!

üéß –í—Ä–µ–º—è –ø—Ä–∞–∫—Ç–∏–∫–∏ ‚Äî 5 –º–∏–Ω—É—Ç.",,https://storage.daniillepekhin.com/IK%2Fclub_miniapp%2Fvideo%2F%D0%9C%D0%B5%D0%B4%D0%B8%D1%82%D0%B0%D1%86%D0%B8%D1%8F__%D0%96%D0%B8%D0%B7%D0%BD%D1%8C_%D0%B2_%D0%BB%D0%B5%D0%B3%D0%BA%D0%BE%D1%81%D1%82%D0%B8_.mp3
–ü—Ä–∞–∫—Ç–∏–∫–∞,–ê—É–¥–∏–æ,–í–Ω—É—Ç—Ä–µ–Ω–Ω–∏–π —Ä–µ–±–µ–Ω–æ–∫,https://disk.yandex.by/d/v9FHARqm3X5vlQ,–°–ø–∏–∫–µ—Ä: –ö—Ä–∏—Å—Ç–∏–Ω–∞ –ï–≥–∏–∞–∑–∞—Ä–æ–≤–∞,,https://storage.daniillepekhin.com/IK%2Fclub_miniapp%2Fvideo%2F%D0%9F%D1%80%D0%B0%D0%BA%D1%82%D0%B8%D0%BA%D0%B0%20%D0%BD%D0%B0%20%D0%B2%D0%BD%D1%83%D1%82%D1%80%D0%B5%D0%BD%D0%BD%D0%B5%D0%B3%D0%BE%20%D1%80%D0%B5%D0%B1%D0%B5%D0%BD%D0%BA%D0%B0.mp3
–ü—Ä–∞–∫—Ç–∏–∫–∞,–ê—É–¥–∏–æ,–ó–∞–º–µ–Ω–∞ —É—Å—Ç–∞–Ω–æ–≤–æ–∫,https://disk.yandex.by/d/Ve868WC3g2O-hw,–°–ø–∏–∫–µ—Ä: –ö—Ä–∏—Å—Ç–∏–Ω–∞ –ï–≥–∏–∞–∑–∞—Ä–æ–≤–∞,,https://storage.daniillepekhin.com/IK%2Fclub_miniapp%2Fvideo%2F%D0%9F%D1%80%D0%B0%D0%BA%D1%82%D0%B8%D0%BA%D0%B0%20%D0%BD%D0%B0%20%D0%B7%D0%B0%D0%BC%D0%B5%D0%BD%D1%83%20%D1%83%D1%81%D1%82%D0%B0%D0%BD%D0%BE%D0%B2%D0%BE%D0%BA.mp3
–ü—Ä–∞–∫—Ç–∏–∫–∞,–ê—É–¥–∏–æ,–ò—Å–ø–æ–ª–Ω–µ–Ω–∏–µ –∂–µ–ª–∞–Ω–∏–π,https://disk.yandex.by/d/aK9ahdSpxfMkDw,–°–ø–∏–∫–µ—Ä: –ö—Ä–∏—Å—Ç–∏–Ω–∞ –ï–≥–∏–∞–∑–∞—Ä–æ–≤–∞,,https://storage.daniillepekhin.com/IK%2Fclub_miniapp%2Fvideo%2F%D0%9F%D1%80%D0%B0%D0%BA%D1%82%D0%B8%D0%BA%D0%B0%20%D0%B8%D1%81%D0%BF%D0%BE%D0%BB%D0%BD%D0%B5%D0%BD%D0%B8%D0%B5%20%D0%B6%D0%B5%D0%BB%D0%B0%D0%BD%D0%B8%D0%B8%CC%86.mp3
–ü–æ–¥–∫–∞—Å—Ç,–ê—É–¥–∏–æ,–ö–∞–∫ –ø—Ä–∞–≤–∏–ª—å–Ω–æ —Å—Å–æ—Ä–∏—Ç—å—Å—è?  ,https://disk.yandex.by/d/9b2cgANv9wr7ow,"–ü—Ä–∞–∫—Ç–∏–∫–∞: ¬´–•–æ–æ–ø–æ–Ω–æ–ø–æ–Ω–æ¬ª

–°–ø–∏–∫–µ—Ä: –ö—Ä–∏—Å—Ç–∏–Ω–∞ –ï–≥–∏–∞–∑–∞—Ä–æ–≤–∞

–ú–µ—Ç–æ–¥ –∑–∞–∫–ª—é—á–∞–µ—Ç—Å—è –≤ –ø–æ–≤—Ç–æ—Ä–µ–Ω–∏–∏ —á–µ—Ç—ã—Ä–µ—Ö —Ñ—Ä–∞–∑: 

¬´–Ø –ª—é–±–ª—é —Ç–µ–±—è¬ª
¬´–Ø –±–ª–∞–≥–æ–¥–∞—Ä—é —Ç–µ–±—è¬ª
¬´–ü—Ä–æ—Å—Ç–∏ –º–µ–Ω—è¬ª
¬´–ú–Ω–µ –æ—á–µ–Ω—å –∂–∞–ª—å¬ª

–ù–µ–≤–∞–∂–Ω–æ, –≤ –∫–∞–∫–æ–º –ø–æ—Ä—è–¥–∫–µ –∏–ª–∏ –Ω–∞ –∫–∞–∫–æ–º —è–∑—ã–∫–µ —á–µ–ª–æ–≤–µ–∫ –±—É–¥–µ—Ç –∏—Ö –ø—Ä–æ–∏–∑–Ω–æ—Å–∏—Ç—å. –ì–ª–∞–≤–Ω–æ–µ ‚Äî –¥–µ–ª–∞—Ç—å —ç—Ç–æ –æ—Ç —Å–µ—Ä–¥—Ü–∞ –∏ –≤–∫–ª–∞–¥—ã–≤–∞—Ç—å –≤ —Å–ª–æ–≤–∞ –≤—Å—é —Å–≤–æ—é —ç–Ω–µ—Ä–≥–∏—é.

‚òùÔ∏è –≠—Ç–æ –æ–ø–∏—Å–∞–Ω–∏–µ –ø–µ—Ä–≤–æ–≥–æ –º–µ—Ç–æ–¥–∞. –ß—Ç–æ–±—ã —É–∑–Ω–∞—Ç—å –ø—Ä–æ –≤—Ç–æ—Ä—É—é —Ç–µ—Ö–Ω–∏–∫—É, —Å–∫–æ—Ä–µ–µ —Å–ª—É—à–∞–π –ø–æ–¥–∫–∞—Å—Ç –æ—Ç –ö—Ä–∏—Å—Ç–∏–Ω—ã!",,https://storage.daniillepekhin.com/IK%2Fclub_miniapp%2Fvideo%2F%D0%9A%D0%B0%D0%BA%20%D0%BF%D1%80%D0%B0%D0%B2%D0%B8%D0%BB%D1%8C%D0%BD%D0%BE%20%D1%81%D1%81%D0%BE%D1%80%D0%B8%D1%82%D1%8C%D1%81%D1%8F_%20%20.ogg
–ü–æ–¥–∫–∞—Å—Ç,–ê—É–¥–∏–æ,–¢–≤–æ—Ä—á–µ—Å–∫–∞—è —ç–Ω–µ—Ä–≥–∏—è –∏ –¥–µ–Ω—å–≥–∏: –∫–∞–∫ –æ–Ω–∏ —Å–≤—è–∑–∞–Ω—ã?,https://disk.yandex.by/d/mO7tXVr2aq5jSA,"–°–ø–∏–∫–µ—Ä: –ê–ª–∏–Ω–∞ –¢–µ–ª—é–∫–∏–Ω–∞

–¢–≤–æ—Ä—á–µ—Å—Ç–≤–æ ‚Äî —ç—Ç–æ –∏—Å—Ç–æ—á–Ω–∏–∫ –Ω–æ–≤—ã—Ö –∏–¥–µ–π, —Å–ø–æ—Å–æ–±–Ω—ã—Ö –∏–∑–º–µ–Ω–∏—Ç—å –º–∏—Ä–æ–≤–æ–∑–∑—Ä–µ–Ω–∏–µ –ª—é–¥–µ–π, –∞ –¥–µ–Ω—å–≥–∏ ‚Äî —ç—Ç–æ —Ä–µ—Å—É—Ä—Å, –ø–æ–∑–≤–æ–ª—è—é—â–∏–π –≤–æ–ø–ª–æ—â–∞—Ç—å, –º–∞—Å—à—Ç–∞–±–∏—Ä–æ–≤–∞—Ç—å –∏ –¥–æ–Ω–æ—Å–∏—Ç—å –¥–æ –∞—É–¥–∏—Ç–æ—Ä–∏–∏ —ç—Ç–∏ –º—ã—Å–ª–∏. 

–ò —Ç–æ—Ç, –∏ –¥—Ä—É–≥–æ–π —Ä–µ—Å—É—Ä—Å –≤–∞–∂–Ω—ã –¥–ª—è —á–µ–ª–æ–≤–µ–∫–∞, —Å—Ç—Ä–µ–º—è—â–µ–≥–æ—Å—è –ø–æ–ª—É—á–∏—Ç—å –ø—Ä–∏–∑–Ω–∞–Ω–∏–µ –∏ —Ä–µ–∞–ª–∏–∑–æ–≤–∞—Ç—å –ø–æ—Å—Ç–∞–≤–ª–µ–Ω–Ω—ã–µ —Ü–µ–ª–∏. 

‚òùÔ∏è –ë–æ–ª–µ–µ —Ç–æ–≥–æ, –æ–Ω–∏ –¥—Ä—É–≥ –¥—Ä—É–≥–∞ –¥–æ–ø–æ–ª–Ω—è—é—Ç! –ù–æ...

‚ñ´Ô∏è –ö–∞–∫ —Å–≤—è–∑–∞–Ω—ã –º–µ–∂–¥—É —Å–æ–±–æ–π —ç—Ç–∏ —ç–Ω–µ—Ä–≥–∏–∏?
‚ñ´Ô∏è –í —á–µ–º –∑–∞–∫–ª—é—á–∞–µ—Ç—Å—è –∏—Å—Ç–∏–Ω–Ω–∞—è –º–æ—â—å —ç—Ç–æ–≥–æ —Å–æ—é–∑–∞? 
‚ñ´Ô∏è –ü–æ—á–µ–º—É —Ç–≤–æ—Ä—á–µ—Å—Ç–≤–æ —Ç–∞–∫ –Ω–µ–æ–±—Ö–æ–¥–∏–º–æ –¥–ª—è —Ä–µ–∞–ª–∏–∑–∞—Ü–∏–∏ –∏ –¥–µ–Ω–µ–≥? 

–û–±–æ –≤—Å–µ–º –ø–æ–¥—Ä–æ–±–Ω–µ–µ —Ä–∞—Å—Å–∫–∞–∑–∞–ª–∏ –≤ –∞—É–¥–∏–æ! ",,https://storage.daniillepekhin.com/IK%2Fclub_miniapp%2Fvideo%2F%D0%A2%D0%B2%D0%BE%D1%80%D1%87%D0%B5%D1%81%D0%BA%D0%B0%D1%8F%20%D1%8D%D0%BD%D0%B5%D1%80%D0%B3%D0%B8%D1%8F%20%D0%B8%20%D0%B4%D0%B5%D0%BD%D1%8C%D0%B3%D0%B8%20%D0%BA%D0%B0%D0%BA%20%D0%BE%D0%BD%D0%B8%20%D1%81%D0%B2%D1%8F%D0%B7%D0%B0%D0%BD%D1%8B%3F.mp3
–ü–æ–¥–∫–∞—Å—Ç,–ê—É–¥–∏–æ,–ö–∞–∫ —É–ø—Ä–∞–≤–ª—è—Ç—å —Å–≤–æ–∏–º –≤—Ä–µ–º–µ–Ω–µ–º –∏ –Ω–µ –ø–µ—Ä–µ–≥—Ä—É–∂–∞—Ç—å—Å—è?,https://disk.yandex.by/d/vV4T5wyqrqUS6A,"–°–ø–∏–∫–µ—Ä: –ê–ª–∏–Ω–∞ –¢–µ–ª—é–∫–∏–Ω–∞ 

–ü–æ—á–µ–º—É –æ–¥–Ω–∏ –ª—é–¥–∏ —É—Å–ø–µ–≤–∞—é—Ç —Ä–µ–∞–ª–∏–∑–æ–≤–∞—Ç—å —Å–≤–æ–∏ –º–µ—á—Ç—ã, —Å—Ç—Ä–æ–∏—Ç—å –∫–∞—Ä—å–µ—Ä—É –∏ –Ω–∞—Å–ª–∞–∂–¥–∞—Ç—å—Å—è –∂–∏–∑–Ω—å—é, –≤ —Ç–æ –≤—Ä–µ–º—è –∫–∞–∫ –¥—Ä—É–≥–∏–µ —Ç–æ–Ω—É—Ç –≤ –ø—É—á–∏–Ω–µ –¥–µ–ª, —á—É–≤—Å—Ç–≤—É—è —Å–µ–±—è ¬´–±–µ–ª–∫–æ–π –≤ –∫–æ–ª–µ—Å–µ¬ª? 

–ù–∞ —Å–∞–º–æ–º –¥–µ–ª–µ –≤—Å–µ –ø—Ä–æ—Å—Ç–æ: –ø–µ—Ä–≤—ã–µ —Ö–æ—Ä–æ—à–æ –∑–Ω–∞–∫–æ–º—ã —Å –∏—Å–∫—É—Å—Å—Ç–≤–æ–º —É–ø—Ä–∞–≤–ª–µ–Ω–∏—è –≤—Ä–µ–º–µ–Ω–µ–º –∏ –ø—Ä–µ–¥–æ—Ç–≤—Ä–∞—â–µ–Ω–∏–µ–º —ç–º–æ—Ü–∏–æ–Ω–∞–ª—å–Ω–æ–≥–æ –≤—ã–≥–æ—Ä–∞–Ω–∏—è ‚Äî –¢–ê–ô–ú-–ú–ï–ù–ï–î–ñ–ú–ï–ù–¢–û–ú!

–°–ª—É—à–∞–π –∞—É–¥–∏–æ-–ø–æ–¥–∫–∞—Å—Ç, —á—Ç–æ–±—ã —É–∑–Ω–∞—Ç—å –ø—Ä–æ —ç—Ñ—Ñ–µ–∫—Ç–∏–≤–Ω—ã–µ —Ç–µ—Ö–Ω–∏–∫–∏ —Ç–∞–π–º-–º–µ–Ω–µ–¥–∂–º–µ–Ω—Ç–∞, –∫–æ—Ç–æ—Ä—ã–µ –¥–æ–±–∞–≤—è—Ç –ø–∞—Ä—É –ª–∏—à–Ω–∏—Ö —á–∞—Å–æ–≤ –≤ —Å—É—Ç–∫–∏ –Ω–∞ —Å–µ–±—è –∏ —Å–≤–æ–∏ –ø–ª–∞–Ω—ã!",,https://storage.daniillepekhin.com/IK%2Fclub_miniapp%2Fvideo%2F%D0%9A%D0%B0%D0%BA%20%D1%83%D0%BF%D1%80%D0%B0%D0%B2%D0%BB%D1%8F%D1%82%D1%8C%20%D1%81%D0%B2%D0%BE%D0%B8%D0%BC%20%D0%B2%D1%80%D0%B5%D0%BC%D0%B5%D0%BD%D0%B5%D0%BC%20%D0%B8%20%D0%BD%D0%B5%20%D0%BF%D0%B5%D1%80%D0%B5%D0%B3%D1%80%D1%83%D0%B6%D0%B0%D1%82%D1%8C%D1%81%D1%8F%3F.mp3